y1,d2,d3,u1,d1,exp_id,phase
483.0613,608,79.8704,5.0494,3558.3333,1,4
483.4404,609,79.8704,5.0494,3558.3333,1,4
483.4404,609,79.5144,5.1002,3568.0942,1,4
484.2321,610,79.5268,5.1002,3560.6965,1,4
484.3956,608,79.5268,4.7281,3560.6965,1,4
484.3956,608,79.5268,4.7281,3550.4387,1,4
484.3956,608,70.6422,4.5845,3550.4387,1,4
483.9192,606,70.6422,4.5845,3550.4387,1,4
483.9192,606,77.1585,4.9829,3552.5322,1,4
484.329,607,73.148,4.9829,3545.5295,1,4
484.0488,604,73.148,4.5467,3545.5295,1,4
484.0488,604,78.3452,4.5467,3532.1731,1,4
484.0488,604,78.3452,5.0741,3532.1731,1,4
483.9774,608,77.8419,5.0741,3545.0085,1,4
484.5584,608,77.8419,4.9532,3545.0085,1,4
484.5584,608,80.3164,4.9532,3548.1863,1,4
484.5584,608,80.3164,5.1456,3548.1863,1,4
484.5471,611,81.1655,5.1456,3544.5967,1,4
484.3117,614,81.1655,5.2161,3544.5967,1,4
484.3117,614,81.6576,5.2161,3543.7764,1,4
484.6762,615,81.6576,5.0635,3543.7764,1,4
484.6762,615,75.6395,5.0635,3553.0186,1,4
484.6473,614,75.6395,4.9554,3553.0186,1,4
484.6473,614,74.6344,4.9554,3548.0308,1,4
484.8849,610,74.6344,4.5822,3548.0308,1,4
484.8849,610,70.7167,4.5758,3545.6035,1,4
485.0688,608,70.7167,4.5758,3545.6035,1,4
485.0688,608,72.6762,4.5758,3543.3669,1,4
485.0688,608,72.6762,4.6137,3543.3669,1,4
486.1735,605,67.2615,4.6137,3552.3413,1,4
486.1735,605,67.2615,4.1811,3552.3413,1,4
486.5641,601,70.1736,4.1811,3565.241,1,4
487.3293,598,70.1736,4.4388,3565.241,1,4
487.3293,598,70.1736,4.4388,3560.8413,1,4
487.3293,598,62.4677,4.0508,3560.8413,1,4
487.7874,593,74.7531,4.0508,3569.3186,1,4
487.5303,595,74.7531,4.6881,3569.3186,1,4
487.5303,595,75.473,4.6881,3586.0925,1,4
487.449,594,75.473,4.5692,3586.0925,1,4
487.449,594,74.0867,4.5692,3584.4851,1,4
487.5658,596,74.0867,4.869,3584.4851,1,4
487.5658,596,70.0393,4.869,3579.8667,1,4
487.3616,591,70.0393,4.2102,3579.8667,1,4
487.3616,591,71.8501,4.2102,3581.2261,1,4
487.1676,591,71.8501,4.5349,3581.2261,1,4
487.1676,591,72.657,4.5349,3572.5693,1,4
488.5102,589,72.657,4.4688,3572.5693,1,4
488.5102,589,72.657,4.4688,3558.8457,1,4
490.0906,580,61.4735,3.7553,3558.8457,1,4
490.0906,580,67.9634,3.7553,3576.9058,1,4
490.9334,575,67.9634,4.071,3576.9058,1,4
490.9334,575,59.9026,4.071,3592.1887,1,4
491.4665,569,59.9026,3.7512,3592.1887,1,4
491.4665,569,67.1179,3.7512,3606.3401,1,4
491.4665,569,67.1179,4.006,3606.3401,1,4
491.2604,566,67.4715,4.006,3628.6345,1,4
491.5652,563,67.4715,3.9594,3628.6345,1,4
491.5652,563,71.1167,3.9594,3649.6755,1,4
490.1886,562,71.1167,4.2922,3649.6755,1,4
490.1886,562,75.516,4.2922,3672.0703,1,4
490.8391,562,75.516,4.4692,3672.0703,1,4
490.8391,562,71.809,4.1208,3682.4026,1,4
492.2647,558,71.809,4.1208,3682.4026,1,4
492.2647,558,67.7289,3.8925,3710.6621,1,4
492.9352,552,67.7289,3.8925,3710.6621,1,4
492.9352,552,67.4425,3.8925,3761.2266,1,4
493.1335,545,67.4425,3.8345,3761.2266,1,4
493.1335,545,65.9944,3.8345,3784.4878,1,4
493.0977,540,65.9944,3.7839,3784.4878,1,4
493.0977,540,70.1431,3.7839,3817.0723,1,4
494.5495,536,70.1431,3.9812,3817.0723,1,4
494.5495,536,72.0105,4.0398,3861.2344,1,4
493.9366,534,72.0105,4.0398,3861.2344,1,4
493.9366,534,74.202,4.0398,3893.0415,1,4
494.6666,533,74.202,4.3269,3893.0415,1,4
494.6666,533,78.834,4.3902,3911.9395,1,4
495.1593,532,78.834,4.3902,3911.9395,1,4
495.1593,532,77.0283,4.2101,3925.939,1,4
494.4304,530,77.0283,4.2101,3943.3008,1,4
494.4304,530,73.275,3.9663,3943.3008,1,4
494.965,525,71.6961,3.9663,3943.3008,1,4
495.8149,520,71.6961,3.919,3956.2466,1,4
495.8149,520,70.6785,3.919,3960.9417,1,4
496.5822,514,70.6785,3.7741,3960.9417,1,4
496.5822,514,70.6785,3.7741,3960.9417,1,4
496.5822,514,72.9443,3.9688,4001.3357,1,4
495.0442,509,72.9443,3.9688,4001.3357,1,4
495.0442,509,77.3043,4.1743,4025.7407,1,4
495.7069,510,77.3043,4.1743,4025.7407,1,4
495.7069,510,85.582,4.5321,4050.8525,1,4
495.6746,511,85.582,4.5321,4050.8525,1,4
495.6746,511,82.7302,4.4663,4080.0869,1,4
495.2594,510,82.7302,4.4663,4080.0869,1,4
495.2594,510,77.4042,4.4663,4109.5322,1,4
494.9763,504,77.4042,3.9113,4109.5322,1,4
494.9763,504,74.5026,3.9113,4122.8984,1,4
495.5552,499,74.5026,3.936,4122.8984,1,4
495.5552,499,77.3796,4.077,4136.8682,1,4
495.2273,497,77.3796,4.077,4136.8682,1,4
495.2273,497,82.4682,4.077,4139.9087,1,4
494.5627,498,82.4682,4.3835,4139.9087,1,4
494.5627,498,88.7527,4.3835,4159.291,1,4
494.5502,500,88.7527,4.648,4159.291,1,4
494.5502,500,88.7615,4.4282,4172.4126,1,4
493.8624,499,88.7615,4.4282,4172.4126,1,4
493.8624,499,77.5395,3.8334,4175.0903,1,4
493.5869,490,77.5395,3.8334,4175.0903,1,4
493.5869,490,76.1665,3.8334,4194.6807,1,4
493.5108,488,76.1665,4.1063,4194.6807,1,4
493.5108,488,84.0159,4.3401,4234.3853,1,4
492.4911,488,84.0159,4.3401,4234.3853,1,4
492.4911,488,90.2194,4.7259,4252.6113,1,4
491.0589,492,90.2194,4.7259,4252.6113,1,4
491.0589,492,90.4851,4.6459,4262.4731,1,4
491.7133,493,90.4851,4.6459,4262.4731,1,4
491.7133,493,82.0216,4.0983,4292.7725,1,4
492.7181,488,82.0216,4.0983,4292.7725,1,4
492.7181,488,79.846,4.1057,4312.4043,1,4
491.515,484,79.846,4.1057,4312.4043,1,4
491.515,484,82.6214,4.1057,4316.0059,1,4
491.4781,485,82.6214,4.4771,4316.0059,1,4
491.4781,485,94.7129,4.836,4318.0698,1,4
491.545,490,94.7129,4.836,4318.0698,1,4
491.545,490,91.7195,4.4863,4336.6997,1,4
490.4079,490,91.7195,4.4863,4336.6997,1,4
490.4079,490,85.31,4.3738,4336.1543,1,4
490.2823,488,85.31,4.3738,4333.0078,1,4
490.2823,488,84.409,4.2238,4333.0078,1,4
490.0014,485,89.0137,4.2238,4332.0996,1,4
488.8188,485,89.0137,4.6677,4332.0996,1,4
488.8188,489,89.0137,4.6677,4327.106,1,4
488.8188,489,93.6186,4.8155,4327.106,1,4
488.3141,493,88.956,4.8155,4330.7188,1,4
488.3866,492,88.956,4.5311,4330.7188,1,4
488.3866,492,87.9993,4.5311,4323.4702,1,4
488.3866,492,87.9993,4.5358,4323.4702,1,4
488.9621,492,87.9993,4.5358,4315.0259,1,4
487.9277,490,83.7398,4.3153,4315.0259,1,4
487.9277,490,83.7398,4.3153,4308.2393,1,4
488.3158,493,90.3286,4.7351,4308.2393,1,4
488.3158,493,90.3286,4.7351,4311.1118,1,4
487.9798,496,93.509,4.8759,4311.1118,1,4
487.9798,496,94.2749,4.7726,4301.9741,1,4
487.3658,498,94.2749,4.7726,4301.9741,1,4
487.3658,498,86.3144,4.7726,4296.3965,1,4
486.8628,495,86.3144,4.3576,4296.3965,1,4
486.8628,495,82.6729,4.3818,4282.0518,1,4
486.5828,494,82.6729,4.3818,4282.0518,1,4
486.5828,494,88.1469,4.7397,4280.9795,1,4
486.1132,496,88.1469,4.7397,4280.9795,1,4
486.1132,496,95.3596,4.7397,4286.2451,1,4
485.3018,502,95.3596,5.0275,4286.2451,1,4
485.3018,502,91.2585,4.7385,4278.5962,1,4
485.7577,503,91.2585,4.7385,4278.5962,1,4
485.7577,503,85.8882,4.4675,4260.4189,1,4
485.432,501,85.8882,4.4675,4260.4189,1,4
485.432,501,81.3606,4.4675,4254.125,1,4
485.0108,500,81.3606,4.4272,4254.125,1,4
485.0108,500,87.2485,4.4272,4239.5967,1,4
486.2333,501,87.2485,4.6643,4239.5967,1,4
486.2333,501,90.2626,4.6643,4211.1958,1,4
485.2626,505,90.2626,4.7799,4211.1958,1,4
485.2626,505,90.2626,4.7799,4211.1958,1,4
485.2626,505,93.1441,4.9819,4194.4688,1,4
485.4241,509,83.1134,4.9819,4194.4688,1,4
485.4241,509,83.1134,4.373,4210.1577,1,4
484.7432,507,85.2487,4.373,4186.1392,1,4
484.9763,509,85.2487,4.5645,4186.1392,1,4
484.9763,509,87.6163,4.6806,4156.2598,1,4
478.2215,626,79.6861,5.2883,3659.9202,2,4
477.9861,629,78.5748,5.2883,3650.5183,2,4
477.6192,631,78.5748,5.1561,3650.5183,2,4
477.6192,631,76.9198,5.1561,3651.5242,2,4
477.6192,631,76.9198,5.1135,3651.5242,2,4
477.3926,632,78.7276,5.1135,3653.6577,2,4
477.2264,632,78.7276,5.2201,3653.6577,2,4
477.2264,634,78.7276,5.2201,3655.1094,2,4
476.9075,635,78.1729,5.2303,3655.1094,2,4
476.9075,635,78.5588,5.2303,3657.1526,2,4
476.7309,636,78.5588,5.1536,3657.1526,2,4
476.7309,636,77.2802,5.1536,3659.1782,2,4
476.5424,637,77.2802,5.2315,3659.1782,2,4
476.5424,637,78.4121,5.1677,3670.8237,2,4
476.3932,638,78.4121,5.1677,3670.8237,2,4
476.3932,638,77.2791,5.1891,3678.1057,2,4
476.0862,638,77.2791,5.1891,3690.8943,2,4
476.0862,638,78.3474,5.2783,3690.8943,2,4
475.9398,640,78.3474,5.2783,3690.8943,2,4
475.9398,640,78.5683,5.2448,3695.9807,2,4
475.8371,641,77.8834,5.2448,3695.9807,2,4
475.8371,641,77.8834,5.2337,3700.4878,2,4
475.6809,642,77.8834,5.2337,3689.9907,2,4
475.6809,642,77.8328,5.2252,3689.9907,2,4
475.5926,643,78.2664,5.2252,3689.9907,2,4
475.5926,643,78.2664,5.2715,3689.8015,2,4
475.3966,644,78.2664,5.2715,3689.6152,2,4
475.3334,644,77.881,5.2421,3689.6152,2,4
475.3334,644,77.3444,5.2421,3700.0798,2,4
475.1176,645,77.3444,5.2452,3700.0798,2,4
475.1176,645,78.605,5.2918,3705.7312,2,4
475.1051,646,78.605,5.2918,3705.7312,2,4
475.1051,646,77.5905,5.2918,3713.0032,2,4
474.8824,646,77.5905,5.3005,3713.0032,2,4
474.8824,647,78.5233,5.3005,3713.5952,2,4
474.9779,648,78.5233,5.3034,3713.5952,2,4
474.9779,648,77.3999,5.3034,3720.5532,2,4
474.9792,649,77.3999,5.2247,3720.5532,2,4
474.9792,649,76.998,5.2247,3707.7834,2,4
474.9806,649,76.998,5.2449,3707.7834,2,4
474.9806,649,77.256,5.2449,3707.7834,2,4
474.9806,649,77.256,5.2508,3717.647,2,4
474.8625,649,78.1423,5.2508,3731.9956,2,4
474.9049,650,78.1423,5.313,3731.9956,2,4
474.9049,650,76.8473,5.313,3739.99,2,4
474.8707,650,76.8473,5.2271,3739.99,2,4
474.8707,650,77.2072,5.2653,3746.7031,2,4
474.8564,651,77.2072,5.2653,3746.7031,2,4
474.8564,651,77.2594,5.2653,3750.5903,2,4
474.9855,651,77.2594,5.2829,3750.5903,2,4
474.9855,651,77.7801,5.2829,3760.8521,2,4
475.0987,651,77.7801,5.2708,3760.8521,2,4
475.0987,651,75.7139,5.2552,3764.927,2,4
475.1217,652,75.7139,5.2552,3764.927,2,4
475.1217,652,77.89,5.242,3778.5205,2,4
475.1422,652,77.89,5.242,3778.5205,2,4
475.1422,652,76.4549,5.2287,3775.9617,2,4
475.2078,652,76.4549,5.2287,3775.9617,2,4
475.2078,652,76.9962,5.2681,3773.0532,2,4
475.4624,652,76.9962,5.2681,3773.0532,2,4
475.4624,652,75.2985,5.2681,3791.8433,2,4
475.4605,652,75.2985,5.1523,3791.8433,2,4
475.4605,651,77.0937,5.1523,3792.6296,2,4
475.4594,651,77.0937,5.2626,3792.6296,2,4
475.4594,651,77.2539,5.2626,3803.113,2,4
475.7263,651,77.2539,5.2669,3803.113,2,4
475.7263,651,76.4771,5.2669,3811.0796,2,4
475.7263,651,76.4771,5.1277,3811.0796,2,4
475.7877,650,76.0657,5.1277,3818.8308,2,4
475.7877,650,76.0657,5.2134,3818.8308,2,4
475.9399,650,76.4896,5.2134,3836.6147,2,4
476.0693,649,76.4896,5.1907,3836.6147,2,4
476.0693,649,76.4896,5.1907,3855.811,2,4
476.0945,649,76.5503,5.2089,3855.811,2,4
476.0945,649,77.1689,5.2089,3859.4294,2,4
476.3752,649,77.1689,5.2478,3859.4294,2,4
476.3752,649,76.3213,5.2478,3872.3525,2,4
476.388,648,76.3213,5.1717,3872.3525,2,4
476.388,648,76.6382,5.1717,3883.1038,2,4
476.6703,647,76.6382,5.1782,3883.1038,2,4
476.6703,647,75.8982,5.1923,3899.0554,2,4
476.8045,646,75.8982,5.1923,3899.0554,2,4
476.8045,646,77.6701,5.1439,3908.3188,2,4
476.7773,645,77.6701,5.1439,3908.3188,2,4
476.7773,645,74.5823,5.12,3916.5923,2,4
476.7853,643,74.5823,5.12,3916.5923,2,4
476.7853,643,77.0721,5.219,3918.9041,2,4
476.7815,643,77.0721,5.219,3918.9041,2,4
476.7815,643,77.7858,5.2399,3921.575,2,4
477.1142,643,77.7858,5.2399,3921.575,2,4
477.1142,643,76.5764,5.0948,3937.2778,2,4
477.3996,641,76.5764,5.0948,3937.2778,2,4
477.5035,640,76.0747,5.1008,3938.95,2,4
477.5035,640,76.0747,5.1008,3940.949,2,4
477.5197,640,76.213,5.1225,3940.949,2,4
477.5197,638,77.4902,5.1225,3945.3372,2,4
477.5197,638,77.4902,5.1919,3945.3372,2,4
477.5159,638,77.8115,5.1919,3943.7639,2,4
477.5159,638,77.8115,5.1996,3943.7639,2,4
477.7126,638,76.8502,5.1996,3949.0403,2,4
477.7524,636,76.8502,5.1219,3949.0403,2,4
477.7524,636,76.8502,5.1219,3964.3262,2,4
477.8644,635,77.2123,5.1213,3964.3262,2,4
477.8644,635,76.7415,5.1213,3972.2129,2,4
477.9947,634,76.7415,5.1626,3972.2129,2,4
477.9947,634,78.7581,5.1626,3977.0933,2,4
477.9936,633,78.7581,5.1912,3977.0933,2,4
477.9936,633,78.7581,5.1912,3972.3027,2,4
477.9936,633,76.9869,5.0818,3972.3027,2,4
478.3578,632,77.0655,5.0818,3975.2617,2,4
478.2543,631,77.0655,5.1005,3975.2617,2,4
478.2543,631,78.7524,5.1005,3985.5476,2,4
478.2543,631,78.7524,5.2345,3985.5476,2,4
478.3648,631,78.7524,5.2345,3985.5476,2,4
478.3648,631,77.4979,5.1115,3987.8335,2,4
478.5884,629,77.4979,5.1115,3987.8335,2,4
478.5884,629,77.7859,5.1104,3998.0039,2,4
478.7169,628,77.7859,5.1104,4002.1128,2,4
478.8552,628,77.337,5.0987,4002.1128,2,4
478.8552,628,77.337,5.0987,4002.1128,2,4
478.8552,628,77.7804,5.0987,4006.897,2,4
478.712,627,77.7804,5.0628,4006.897,2,4
478.712,627,78.3002,5.1902,4018.5024,2,4
478.8342,627,78.3002,5.1902,4018.5024,2,4
478.8342,627,78.6452,5.1284,4027.8547,2,4
479.088,627,77.4448,5.1284,4027.8547,2,4
479.088,627,77.4448,5.0691,4036.1082,2,4
478.8276,626,79.2358,5.0691,4040.7307,2,4
479.0826,627,79.2358,5.2414,4040.7307,2,4
479.0826,627,79.2358,5.2414,4045.2644,2,4
479.0731,626,77.8669,5.0822,4045.2644,2,4
479.0731,626,78.3114,5.0822,4045.2644,2,4
479.0731,626,78.3114,5.1606,4044.8494,2,4
478.9537,626,79.9295,5.1606,4043.7969,2,4
478.9537,626,79.9295,5.2104,4043.7969,2,4
478.8306,627,78.5397,5.2104,4041.6357,2,4
478.9513,627,78.5397,5.166,4041.6357,2,4
478.9513,627,78.5397,5.166,4041.6357,2,4
479.1058,627,79.143,5.2101,4032.6377,2,4
479.1058,627,78.3598,5.2101,4036.8071,2,4
479.0066,626,78.3598,5.0821,4036.8071,2,4
479.0066,626,78.1274,5.0821,4034.5513,2,4
478.9481,627,78.1274,5.1827,4034.5513,2,4
478.9481,627,79.1556,5.1827,4032.1472,2,4
478.8338,627,79.1556,5.1898,4032.1472,2,4
478.8338,627,79.3328,5.1898,4037.4167,2,4
478.6959,628,79.3328,5.2159,4037.4167,2,4
478.6959,628,79.709,5.2355,4034.7734,2,4
478.8091,628,79.709,5.2355,4034.7734,2,4
478.8091,628,78.7958,5.1664,4030.6829,2,4
478.8548,628,78.7958,5.1664,4030.6829,2,4
478.8548,628,79.3671,5.2228,4025.3796,2,4
478.6648,628,79.3671,5.2228,4025.3796,2,4
478.6648,628,79.0365,5.219,4023.9478,2,4
478.7099,628,79.0365,5.219,4016.1011,2,4
478.7099,628,79.9671,5.2408,4016.1011,2,4
478.7237,629,78.0733,5.2408,4009.3489,2,4
478.5968,628,78.0733,5.165,4009.3489,2,4
478.5968,628,78.0733,5.165,4009.3489,2,4
478.5968,628,80.1902,5.2589,4012.9001,2,4
478.4724,629,80.1902,5.2589,4012.9001,2,4
478.4724,629,79.7962,5.2787,4002.9927,2,4
478.9195,630,79.7962,5.2787,4002.9927,2,4
478.9195,630,77.9185,5.0296,4002.0251,2,4
478.8029,629,77.9185,5.0296,3992.5303,2,4
478.8029,629,78.2321,5.2345,3992.5303,2,4
478.441,629,78.2321,5.2345,3992.5303,2,4
478.441,629,80.5338,5.3266,3983.1814,2,4
478.582,631,79.7281,5.3266,3970.4907,2,4
478.8357,659,76.3648,5.235,3557.4272,3,4
478.6895,660,76.7254,5.235,3560.6118,3,4
478.6895,660,76.7254,5.3293,3560.6118,3,4
478.4913,662,76.7254,5.3293,3564.8281,3,4
478.4913,662,75.8337,5.2526,3564.8281,3,4
478.274,663,76.0647,5.2526,3561.0105,3,4
478.274,663,76.0647,5.2906,3561.0105,3,4
478.0238,666,78.6227,5.2906,3554.001,3,4
477.9533,668,78.6227,5.4828,3554.001,3,4
477.9533,668,78.6227,5.4828,3557.9382,3,4
477.9533,668,74.7836,5.3095,3557.9382,3,4
477.87,669,76.5534,5.3095,3563.8135,3,4
477.7404,670,76.5534,5.3116,3563.8135,3,4
477.7404,670,75.3654,5.3116,3570.1921,3,4
477.6302,672,75.3654,5.324,3570.1921,3,4
477.6302,672,75.7398,5.324,3571.4675,3,4
477.3671,674,75.7398,5.3378,3571.4675,3,4
477.3671,674,76.1938,5.3378,3577.5679,3,4
477.3566,676,76.1938,5.4153,3577.5679,3,4
477.3566,676,75.5818,5.4153,3574.8047,3,4
477.1938,678,75.5818,5.3076,3574.8047,3,4
477.1938,678,75.5818,5.3076,3569.0562,3,4
477.1489,680,76.1769,5.4186,3569.0562,3,4
477.1489,680,75.6395,5.4186,3565.1594,3,4
477.0539,682,75.6395,5.3944,3565.1594,3,4
477.0539,682,75.0425,5.3944,3562.7644,3,4
477.0634,684,75.0425,5.3654,3562.7644,3,4
477.0634,684,73.9349,5.3654,3559.2205,3,4
476.9074,686,73.9349,5.3579,3559.2205,3,4
476.9074,686,75.0039,5.4199,3552.7344,3,4
476.8473,688,75.0039,5.4199,3552.7344,3,4
476.8473,688,75.0652,5.3907,3550.6846,3,4
476.7725,691,75.0652,5.3907,3550.6846,3,4
476.7725,691,74.0366,5.4158,3537.5759,3,4
476.8913,693,74.0366,5.4158,3537.5759,3,4
476.8913,693,74.3062,5.3326,3520.0093,3,4
476.5544,695,74.3062,5.3326,3504.5901,3,4
476.5544,695,73.9241,5.4931,3504.5901,3,4
476.6,698,74.4103,5.4931,3504.5901,3,4
476.6,698,74.4103,5.3979,3487.283,3,4
476.7189,700,72.8768,5.3979,3471.6951,3,4
476.5935,702,72.8768,5.3498,3471.6951,3,4
476.5935,702,72.8768,5.3498,3458.0386,3,4
476.6594,705,73.572,5.4312,3458.0386,3,4
476.6594,705,72.3667,5.3086,3449.2568,3,4
476.6698,706,72.3667,5.3086,3449.2568,3,4
476.6698,706,72.7977,5.422,3441.8618,3,4
476.7836,709,72.7977,5.422,3441.8618,3,4
476.7836,709,72.0336,5.334,3437.25,3,4
476.9151,710,72.0336,5.334,3437.25,3,4
476.7896,712,72.0284,5.3767,3426.197,3,4
476.7896,712,72.0284,5.3767,3421.9602,3,4
476.7896,712,72.3677,5.3863,3421.9602,3,4
477.0632,714,70.6392,5.3863,3421.9602,3,4
477.0632,714,70.6392,5.2979,3428.2415,3,4
476.9339,716,71.4541,5.2979,3439.8647,3,4
477.2686,717,71.4541,5.3528,3439.8647,3,4
477.2686,717,70.5397,5.3528,3439.8647,3,4
477.359,719,70.5397,5.3137,3452.0366,3,4
477.359,719,70.8951,5.3137,3456.2607,3,4
477.5042,720,70.8951,5.3296,3456.2607,3,4
477.5042,720,70.0419,5.3296,3459.3972,3,4
477.8595,721,70.0419,5.3039,3459.3972,3,4
477.8595,721,70.1548,5.3039,3467.833,3,4
477.8738,721,70.1548,5.2293,3467.833,3,4
477.8738,721,69.2549,5.2293,3486.1692,3,4
478.5324,721,69.2549,5.2561,3486.1692,3,4
478.5324,721,68.2206,5.0752,3506.4412,3,4
478.5294,720,68.2206,5.0752,3506.4412,3,4
478.5294,720,69.5341,5.0752,3556.3533,3,4
479.1259,720,69.5341,5.3219,3556.3533,3,4
479.1259,720,68.5829,5.1137,3575.1658,3,4
479.3152,719,68.5829,5.1137,3575.1658,3,4
479.801,718,68.0622,5.1217,3614.1204,3,4
479.801,718,68.0622,5.1217,3614.1204,3,4
479.801,718,68.1709,5.1217,3659.782,3,4
479.9178,716,68.1709,5.0941,3659.782,3,4
479.9178,716,68.0939,5.0941,3699.0806,3,4
480.618,714,68.0939,5.1224,3699.0806,3,4
480.618,714,68.5263,5.1224,3736.4612,3,4
480.9947,712,68.5263,4.9909,3736.4612,3,4
480.9947,712,65.9683,4.9909,3795.6843,3,4
481.644,709,65.9683,4.9804,3795.6843,3,4
481.644,709,66.8956,4.9804,3844.8257,3,4
481.7518,706,66.8956,4.8703,3844.8257,3,4
481.7518,706,67.5577,5.0193,3882.5232,3,4
482.5026,703,67.5577,5.0193,3882.5232,3,4
482.5026,703,66.3544,5.0193,3911.7751,3,4
482.9482,698,66.3544,4.8366,3911.7751,3,4
482.9482,698,67.1436,4.9125,3934.311,3,4
483.6323,695,67.1436,4.9125,3934.311,3,4
483.6323,695,65.7583,4.7428,3961.9099,3,4
484.2843,691,65.7583,4.7428,3961.9099,3,4
484.2843,691,65.3448,4.717,3979.9546,3,4
484.5992,687,65.3448,4.717,3979.9546,3,4
484.5992,687,65.9832,4.7581,4003.2668,3,4
485.4666,683,65.9832,4.7581,4015.7927,3,4
485.4666,683,66.9068,4.6793,4015.7927,3,4
486.0724,678,66.9068,4.6793,4039.4768,3,4
486.0724,678,64.8899,4.5987,4039.4768,3,4
486.5518,673,65.6664,4.5987,4048.5916,3,4
486.5518,673,65.6664,4.6245,4048.5916,3,4
487.3151,669,65.6052,4.6245,4058.8582,3,4
487.7136,664,65.6052,4.5382,4058.8582,3,4
487.7136,664,65.6052,4.5382,4058.8582,3,4
487.7136,664,66.6278,4.5382,4085.1428,3,4
488.7684,658,66.6278,4.593,4085.1428,3,4
488.7684,658,64.6804,4.593,4097.3931,3,4
489.3008,653,64.6804,4.442,4097.3931,3,4
489.8832,648,64.5457,4.4677,4133.3369,3,4
490.4164,642,64.5457,4.3961,4133.3369,3,4
490.4164,642,66.2392,4.4537,4147.0513,3,4
490.9112,636,66.2392,4.4537,4147.0513,3,4
490.9112,636,66.6975,4.3952,4153.2261,3,4
491.3729,632,66.6975,4.3952,4153.2261,3,4
491.3729,632,66.3149,4.3676,4162.7939,3,4
491.8056,627,66.3149,4.3676,4162.7939,3,4
491.8056,627,66.8373,4.3832,4172.9834,3,4
492.1527,623,66.8373,4.3832,4172.9834,3,4
492.1527,623,67.9308,4.4192,4193.4146,3,4
492.5578,619,67.9308,4.4192,4193.4146,3,4
492.5578,619,66.0271,4.4192,4205.7993,3,4
493.0745,613,66.0271,4.2749,4205.7993,3,4
493.0745,613,68.8982,4.3771,4209.7197,3,4
493.2214,610,68.8982,4.3771,4209.7197,3,4
493.2214,610,66.1508,4.291,4211.5073,3,4
493.7671,606,66.1508,4.291,4211.5073,3,4
493.7671,606,68.8344,4.302,4217.2656,3,4
494.0388,601,68.8344,4.302,4217.2656,3,4
494.0388,601,68.3549,4.3202,4224.5522,3,4
494.2926,598,68.3549,4.3202,4224.5522,3,4
494.2926,598,68.9514,4.3202,4231.8701,3,4
494.5363,594,68.9514,4.2883,4231.8701,3,4
494.5363,594,68.3935,4.2257,4234.1157,3,4
494.8334,590,68.3935,4.2257,4234.1157,3,4
494.8334,590,70.4231,4.2257,4230.0791,3,4
495.1063,588,70.4231,4.3582,4230.0791,3,4
495.1063,588,69.617,4.2533,4234.7183,3,4
494.9372,584,70.8149,4.2533,4235.186,3,4
494.9372,584,70.8149,4.3277,4235.186,3,4
495.0776,581,70.8149,4.3277,4235.186,3,4
495.0776,581,69.8921,4.3078,4231.021,3,4
495.0757,578,72.7359,4.3078,4230.5728,3,4
495.2942,577,72.7359,4.3746,4230.5728,3,4
495.2942,577,72.0229,4.2822,4232.8076,3,4
495.4689,574,72.0229,4.2822,4232.8076,3,4
495.4689,574,70.8904,4.2822,4230.7979,3,4
495.5959,571,70.8904,4.2429,4230.7979,3,4
495.5959,571,73.7338,4.2429,4222.2881,3,4
495.45,569,73.7338,4.4262,4222.2881,3,4
495.45,569,71.5831,4.2331,4218.5234,3,4
495.3289,567,71.5831,4.2331,4218.5234,3,4
495.3289,567,73.6762,4.2331,4219.8804,3,4
495.2155,565,73.6762,4.365,4219.8804,3,4
495.2155,565,73.8164,4.365,4206.7437,3,4
495.0931,564,73.8164,4.3485,4206.7437,3,4
495.0931,564,73.847,4.3718,4198.5679,3,4
494.9749,562,74.3845,4.3718,4198.5679,3,4
494.9561,561,74.3845,4.3715,4196.6431,3,4
494.9561,561,74.3845,4.3715,4185.9038,3,4
494.9561,561,74.3304,4.3484,4185.9038,3,4
494.5862,560,74.9959,4.3484,4174.0361,3,4
477.3821,648,79.5231,5.3967,3784.7551,4,4
476.9966,648,80.3843,5.3967,3778.4329,4,4
476.7185,649,80.3843,5.4706,3778.4329,4,4
476.7185,649,82.5771,5.4706,3778.4329,4,4
476.5576,651,82.5771,5.6335,3792.7429,4,4
476.5576,651,81.4136,5.6335,3795.3445,4,4
476.294,652,81.4136,5.5369,3795.3445,4,4
476.294,652,79.3351,5.4404,3788.5049,4,4
475.9249,653,79.3351,5.4404,3788.5049,4,4
475.9249,653,80.7646,5.4404,3784.1992,4,4
476.0745,654,80.7646,5.5133,3784.1992,4,4
476.0745,654,79.965,5.4482,3775.7314,4,4
476.0436,655,79.965,5.4482,3775.7314,4,4
476.0436,655,78.7521,5.4482,3768.2251,4,4
475.8602,656,78.7521,5.4603,3768.2251,4,4
475.8602,656,80.4394,5.5726,3759.1033,4,4
475.8122,657,80.4394,5.5726,3759.1033,4,4
475.8122,657,79.7565,5.4752,3764.1433,4,4
475.5645,658,79.7565,5.4752,3764.1433,4,4
475.5645,658,80.5964,5.5937,3758.9468,4,4
475.4814,660,80.5964,5.5937,3758.9468,4,4
475.4814,660,79.3321,5.5937,3745.1272,4,4
475.3446,661,79.3321,5.5078,3745.1272,4,4
475.3446,661,80.8891,5.5078,3749.8245,4,4
475.0824,662,80.8891,5.5813,3749.8245,4,4
475.0824,662,79.5488,5.5813,3755.7644,4,4
474.8568,664,79.5488,5.5746,3755.7644,4,4
474.8568,664,79.5488,5.5746,3752.2307,4,4
474.7314,666,80.9882,5.5944,3752.2307,4,4
474.7314,666,79.6302,5.6343,3753.2793,4,4
474.4713,668,79.6302,5.6343,3753.2793,4,4
474.4713,668,81.1755,5.6343,3753.7341,4,4
474.4632,670,81.1755,5.6898,3753.7341,4,4
474.4632,670,79.874,5.6898,3744.0195,4,4
474.3824,672,79.874,5.5954,3744.0195,4,4
474.3824,672,79.6077,5.5954,3742.52,4,4
474.3832,673,79.6077,5.6075,3742.52,4,4
474.3832,673,78.5798,5.6075,3732.5269,4,4
474.1429,673,78.5798,5.5309,3732.5269,4,4
474.1429,673,79.9411,5.5309,3728.9885,4,4
474.1429,673,79.9411,5.6385,3728.9885,4,4
474.1365,676,79.5516,5.6385,3722.4487,4,4
474.1365,676,79.5516,5.6529,3722.4487,4,4
473.9595,678,79.6758,5.6529,3717.063,4,4
473.8973,679,79.6758,5.6611,3717.063,4,4
473.8973,679,79.6758,5.6611,3717.063,4,4
473.8973,679,79.537,5.672,3723.8394,4,4
473.8249,682,79.537,5.672,3723.8394,4,4
473.8249,682,79.5865,5.6911,3716.3843,4,4
473.7787,684,78.6874,5.6911,3716.3843,4,4
473.8126,685,78.6874,5.6319,3717.7178,4,4
473.8126,685,78.6874,5.6319,3711.1499,4,4
473.8126,685,77.9164,5.5943,3711.1499,4,4
473.6346,686,78.3221,5.5943,3714.6455,4,4
473.7903,688,78.3221,5.682,3714.6455,4,4
473.7903,688,80.7985,5.8075,3718.1887,4,4
473.7943,690,80.7985,5.8075,3718.1887,4,4
473.7943,690,78.5612,5.8075,3718.3745,4,4
473.5342,691,78.5612,5.6318,3718.3745,4,4
473.5342,691,77.4256,5.6318,3723.2427,4,4
473.5369,692,77.4256,5.6858,3723.2427,4,4
473.5369,692,78.8183,5.6858,3718.0229,4,4
473.6514,694,78.8183,5.7001,3718.0229,4,4
473.6514,694,77.7584,5.7001,3733.0166,4,4
473.5381,695,77.7584,5.637,3733.0166,4,4
473.5381,695,78.2202,5.7226,3732.8708,4,4
473.5253,697,78.2202,5.7226,3732.8708,4,4
473.5253,697,78.0167,5.7226,3738.0388,4,4
473.5721,698,78.0167,5.6869,3738.0388,4,4
473.5721,698,77.8367,5.6869,3746.2048,4,4
473.6637,699,77.8367,5.6973,3746.2048,4,4
473.6637,699,77.8304,5.6967,3750.1433,4,4
473.6518,700,77.8304,5.6967,3750.1433,4,4
473.6518,700,76.8059,5.6308,3756.9109,4,4
473.6525,701,76.8059,5.6308,3756.9109,4,4
473.6525,701,77.281,5.6308,3767.3953,4,4
473.7792,702,77.281,5.6947,3767.3953,4,4
473.7792,702,77.1406,5.6616,3779.7622,4,4
473.8997,703,77.1406,5.6616,3779.7622,4,4
473.8997,703,76.4841,5.6616,3784.02,4,4
473.7787,703,76.4841,5.6155,3784.02,4,4
473.7787,703,77.367,5.6155,3784.2922,4,4
473.896,705,77.367,5.7277,3786.4685,4,4
473.896,705,76.8732,5.659,3786.4685,4,4
473.8845,705,76.8491,5.659,3789.0154,4,4
473.8845,705,76.8491,5.695,3789.0154,4,4
474.0079,706,76.8491,5.695,3808.7061,4,4
474.0079,706,76.4296,5.6361,3808.7061,4,4
474.1775,706,76.1426,5.6361,3817.7581,4,4
474.3807,706,76.1426,5.6286,3817.7581,4,4
474.3807,706,75.2764,5.5525,3824.3101,4,4
474.2686,706,75.2764,5.5525,3824.3101,4,4
474.2686,706,77.7545,5.8145,3824.9683,4,4
474.4364,707,77.7545,5.8145,3814.9185,4,4
474.4364,707,76.1232,5.5994,3814.9185,4,4
474.6205,706,76.1232,5.5994,3814.9185,4,4
474.6205,706,75.1606,5.5407,3814.7109,4,4
474.8516,705,76.8681,5.5407,3817.509,4,4
474.8516,705,76.8681,5.6788,3817.509,4,4
474.8609,705,76.8681,5.6788,3817.509,4,4
474.8609,705,75.434,5.5705,3827.3362,4,4
475.2466,704,76.0708,5.5705,3827.3362,4,4
475.2466,704,76.0708,5.5177,3851.3574,4,4
475.3695,702,76.0708,5.5177,3864.3652,4,4
475.3695,702,73.9194,5.4963,3864.3652,4,4
475.5164,701,75.9272,5.4963,3875.5288,4,4
475.5164,701,75.9272,5.5752,3875.5288,4,4
475.9388,700,75.9272,5.5752,3886.5076,4,4
475.9388,700,75.659,5.5057,3886.5076,4,4
476.0743,698,75.6471,5.5057,3895.0635,4,4
476.0743,698,75.6471,5.5536,3895.0635,4,4
476.1924,698,76.1027,5.5536,3907.1372,4,4
476.7036,698,76.1027,5.5558,3907.1372,4,4
476.7036,698,74.3384,5.5558,3926.1116,4,4
476.966,695,74.3384,5.3564,3926.1116,4,4
476.966,695,74.6451,5.3564,3951.1997,4,4
477.2558,694,74.6451,5.464,3951.1997,4,4
477.2558,694,75.0356,5.464,3968.929,4,4
477.628,692,75.0356,5.4442,3968.929,4,4
477.628,692,73.475,5.3225,3977.5859,4,4
478.1285,690,73.475,5.3225,3977.5859,4,4
478.1285,690,74.8636,5.3225,3991.7917,4,4
478.5287,689,74.8636,5.3883,3991.7917,4,4
478.5287,689,74.4599,5.3054,4006.4685,4,4
478.8372,687,74.4599,5.3054,4006.4685,4,4
478.8372,687,73.3927,5.3545,4019.1631,4,4
479.1921,685,73.3927,5.3545,4019.1631,4,4
479.1921,685,73.7604,5.3545,4031.302,4,4
479.5711,683,73.7604,5.2687,4031.302,4,4
479.5711,683,74.1531,5.2687,4044.7471,4,4
479.7714,681,74.1531,5.3237,4044.7471,4,4
479.7714,681,74.5422,5.3237,4054.4763,4,4
480.1779,680,74.5422,5.3067,4054.4763,4,4
480.1779,680,73.6909,5.3067,4055.1436,4,4
480.3783,678,73.6909,5.2461,4055.1436,4,4
480.3783,678,75.3657,5.2461,4062.1338,4,4
480.7682,676,75.3657,5.3367,4062.1338,4,4
480.7682,676,73.9939,5.2316,4061.1572,4,4
481.1367,674,73.9939,5.2316,4061.1572,4,4
481.1367,674,74.7536,5.2316,4060.3765,4,4
481.3782,673,74.7536,5.2576,4060.3765,4,4
481.3782,673,74.4493,5.2301,4057.9409,4,4
481.6449,671,74.4493,5.2301,4057.9409,4,4
481.6449,671,74.3647,5.1189,4057.4651,4,4
482.0094,669,74.3647,5.1189,4057.4651,4,4
482.0094,669,73.5209,5.1189,4060.4666,4,4
482.2514,666,73.5209,5.1649,4060.4666,4,4
482.2514,666,75.5532,5.1649,4054.0613,4,4
482.5085,665,75.5532,5.3135,4054.0613,4,4
482.5085,665,74.9937,5.2005,4057.2205,4,4
482.9182,664,74.9937,5.2005,4057.2205,4,4
482.9182,664,73.913,5.1214,4062.7722,4,4
483.2692,662,73.913,5.1214,4062.7722,4,4
483.2692,662,74.3783,5.1214,4062.5425,4,4
483.5652,659,74.3783,5.0937,4062.5425,4,4
483.5652,659,73.8299,5.0937,4067.7813,4,4
483.9027,657,73.8299,5.0964,4067.7813,4,4
483.9027,657,74.3853,5.1118,4069.5256,4,4
484.256,655,74.3853,5.1118,4069.5256,4,4
484.256,655,74.363,5.0539,4065.9138,4,4
484.372,654,74.363,5.0539,4065.9138,4,4
484.372,654,74.71,5.0539,4064.0952,4,4
484.3312,651,74.71,5.1273,4064.0952,4,4
484.3312,651,75.9183,5.1273,4064.5935,4,4
483.9562,651,75.9183,5.1847,4064.5935,4,4
483.9562,651,78.5709,5.1847,4067.7395,4,4
483.1499,651,78.5709,5.3963,4067.7395,4,4
483.1499,651,82.0934,5.3963,4064.6052,4,4
482.9279,654,82.0934,5.5919,4064.6052,4,4
487.0879,1114,44.3626,5.2145,2590.8657,5,4
486.661,1117,44.3626,5.2145,2590.8657,5,4
486.661,1117,45.3509,5.3038,2586.4419,5,4
486.2884,1120,45.3509,5.3038,2586.4419,5,4
486.2884,1120,44.9444,5.3117,2577.0334,5,4
486.0577,1123,44.9444,5.3117,2577.0334,5,4
486.0577,1123,44.3992,5.3117,2584.2219,5,4
485.8198,1125,44.3992,5.1797,2584.2219,5,4
485.8198,1125,44.4859,5.1797,2551.8416,5,4
485.0843,1128,44.4859,5.2841,2551.8416,5,4
485.0843,1128,45.805,5.4438,2520.4966,5,4
485.0818,1132,45.805,5.4438,2520.4966,5,4
485.0818,1132,44.1855,5.2276,2514.8645,5,4
484.7682,1135,44.1855,5.2276,2514.8645,5,4
484.7682,1135,44.7004,5.3579,2514.9702,5,4
484.5471,1137,44.7004,5.3579,2514.9702,5,4
484.5471,1137,46.369,5.5131,2505.864,5,4
484.1577,1141,46.369,5.5131,2505.864,5,4
484.1577,1141,44.9922,5.4289,2513.6396,5,4
483.8678,1144,44.9922,5.4289,2513.6396,5,4
483.8678,1144,45.9427,5.546,2497.906,5,4
483.6208,1147,45.9427,5.546,2497.906,5,4
483.6208,1147,46.9182,5.6785,2461.5,5,4
483.21,1152,46.9182,5.6785,2461.5,5,4
483.21,1152,46.6056,5.6001,2444.3088,5,4
482.9112,1156,46.2763,5.6001,2444.3088,5,4
482.6777,1159,46.2763,5.643,2439.5762,5,4
482.6777,1159,46.2763,5.643,2435.3186,5,4
482.4101,1163,46.572,5.6729,2435.3186,5,4
482.4101,1163,46.572,5.6729,2435.3186,5,4
482.4101,1163,46.5843,5.6729,2448.9106,5,4
482.2112,1168,46.5843,5.7362,2448.9106,5,4
482.2112,1168,47.113,5.78,2457.5154,5,4
481.7195,1172,47.113,5.78,2466.5823,5,4
481.7195,1172,47.1504,5.8018,2466.5823,5,4
481.6998,1176,47.1504,5.8018,2466.5823,5,4
481.6998,1176,47.1526,5.8194,2465.5344,5,4
481.4759,1180,47.1526,5.8194,2465.5344,5,4
481.4759,1180,46.3408,5.7186,2465.292,5,4
481.229,1184,46.3408,5.7186,2518.7466,5,4
481.229,1184,46.7468,5.835,2518.7466,5,4
480.986,1187,47.5429,5.835,2518.7466,5,4
480.986,1187,47.5429,5.944,2532.6506,5,4
481.0891,1192,46.4365,5.944,2514.1284,5,4
480.7566,1194,46.4365,5.77,2514.1284,5,4
480.7566,1194,47.5267,5.77,2506.123,5,4
480.5753,1198,47.5267,5.973,2506.123,5,4
480.5753,1198,46.1793,5.973,2540.0242,5,4
480.6455,1198,46.1793,5.8355,2540.0242,5,4
480.6455,1202,48.6152,5.8355,2504.95,5,4
480.5279,1206,48.6152,6.0135,2504.95,5,4
480.5279,1206,46.2812,5.8546,2478.4463,5,4
480.4098,1210,46.2812,5.8546,2478.4463,5,4
480.4098,1210,47.006,5.8546,2497.1748,5,4
480.3947,1214,47.006,5.9385,2497.1748,5,4
480.3947,1214,46.3395,5.9385,2474.9019,5,4
480.382,1216,46.3395,5.8737,2474.9019,5,4
480.382,1216,46.3448,5.8737,2444.9961,5,4
480.3973,1220,46.3448,5.9373,2444.9961,5,4
480.3973,1220,46.1011,5.9373,2446.7273,5,4
480.4628,1223,46.1011,5.8947,2446.7273,5,4
480.4628,1223,46.0205,5.8947,2470.6975,5,4
480.44,1226,46.0205,5.9033,2470.6975,5,4
480.44,1226,46.0167,5.9277,2479.168,5,4
480.5091,1228,46.0167,5.9277,2479.168,5,4
480.5091,1228,46.6135,5.9277,2501.6997,5,4
480.5091,1228,46.6135,5.9134,2501.6997,5,4
480.5534,1231,45.3332,5.9022,2515.0313,5,4
480.7025,1233,45.3332,5.9022,2515.0313,5,4
480.7025,1233,46.1362,5.9144,2531.8408,5,4
480.7025,1233,46.1362,5.9144,2531.8408,5,4
480.8374,1235,45.4684,5.9144,2530.5605,5,4
481.128,1236,45.4684,5.8838,2530.5605,5,4
481.128,1236,45.0567,5.8838,2549.1394,5,4
481.243,1237,45.0567,5.8218,2549.1394,5,4
481.243,1237,45.2514,5.8778,2552.9009,5,4
481.3705,1237,45.2514,5.8778,2552.9009,5,4
481.3705,1237,45.4447,5.8778,2585.3865,5,4
481.6011,1238,45.4447,5.887,2585.3865,5,4
481.6011,1238,44.4368,5.7407,2585.2649,5,4
482.0724,1237,44.4368,5.7407,2585.2649,5,4
482.0724,1237,43.806,5.7407,2599.6299,5,4
482.4417,1236,43.806,5.5873,2599.6299,5,4
482.4417,1236,42.6844,5.5991,2614.0254,5,4
482.6879,1234,42.6844,5.5991,2614.0254,5,4
482.6879,1234,44.1824,5.6067,2628.2168,5,4
483.0413,1232,44.1824,5.6067,2628.2168,5,4
483.0413,1232,42.864,5.5427,2628.9214,5,4
483.6052,1229,42.864,5.5427,2628.9214,5,4
483.6052,1229,42.846,5.4705,2650.5947,5,4
484.1024,1226,42.846,5.4705,2668.5813,5,4
484.1024,1226,42.0631,5.3414,2668.5813,5,4
484.7989,1223,42.0631,5.3414,2668.5813,5,4
484.7989,1223,40.5226,5.1568,2705.2881,5,4
485.4391,1218,41.0951,5.1568,2705.2881,5,4
485.4391,1218,41.0951,5.2316,2709.6755,5,4
485.9018,1214,40.2293,5.2316,2732.1489,5,4
486.6201,1209,40.2293,5.0909,2732.1489,5,4
486.6201,1209,40.2293,5.0909,2732.1489,5,4
486.6201,1209,39.285,4.9466,2752.3284,5,4
487.6493,1202,38.9695,4.9466,2774.3787,5,4
488.0874,1196,38.9695,4.7721,2774.3787,5,4
488.0874,1196,37.5838,4.7721,2792.9788,5,4
488.8632,1190,37.5838,4.7584,2792.9788,5,4
488.8632,1190,37.5838,4.7584,2835.3682,5,4
488.8632,1190,37.5168,4.549,2835.3682,5,4
489.6599,1181,36.5749,4.549,2843.0586,5,4
489.6599,1181,36.5749,4.5209,2843.0586,5,4
490.2635,1172,36.5175,4.5209,2872.8611,5,4
490.8787,1164,36.5175,4.4694,2872.8611,5,4
490.8787,1164,36.4501,4.4694,2899.8672,5,4
491.9194,1155,36.4501,4.4166,2899.8672,5,4
491.9194,1155,38.6712,4.6933,2913.3782,5,4
493.0229,1148,38.6712,4.6933,2913.3782,5,4
493.0229,1148,38.7088,4.6933,2937.1907,5,4
493.7993,1141,38.7088,4.6231,2937.1907,5,4
493.7993,1141,38.6348,4.6199,2974.8953,5,4
494.696,1134,38.6348,4.6199,3010.9563,5,4
494.696,1134,39.1549,4.5955,3010.9563,5,4
495.5212,1126,38.1407,4.5955,3010.9563,5,4
496.4341,1126,38.1407,4.4803,3035.0266,5,4
496.4341,1117,38.1407,4.4803,3059.1233,5,4
496.4341,1117,38.5145,4.3798,3059.1233,5,4
497.1968,1108,37.1936,4.3798,3059.1233,5,4
498.4155,1100,37.1936,4.3706,3061.47,5,4
498.4155,1100,38.2836,4.3706,3053.2537,5,4
499.3267,1092,38.2836,4.3405,3053.2537,5,4
499.3267,1092,37.186,4.3405,3044.9417,5,4
500.26,1081,37.186,4.2031,3044.9417,5,4
500.26,1081,37.7952,4.2031,3063.0732,5,4
501.3687,1072,37.7952,4.2927,3063.0732,5,4
501.3687,1072,37.0815,4.2927,3069.7429,5,4
501.8224,1063,37.0815,4.092,3069.7429,5,4
501.8224,1063,37.9,4.092,3069.7429,5,4
501.8224,1063,37.9,4.1793,3111.7273,5,4
503.4502,1051,37.1718,4.1793,3133.8655,5,4
504.1024,1044,37.1718,4.0609,3133.8655,5,4
504.1024,1044,35.891,3.9185,3157.7537,5,4
504.7176,1032,35.891,3.9185,3157.7537,5,4
504.7176,1032,35.891,3.9185,3197.7776,5,4
505.9561,1022,37.2658,3.9237,3197.7776,5,4
505.9561,1022,36.4963,3.9237,3225.9058,5,4
506.5019,1012,36.4963,3.9004,3225.9058,5,4
506.5019,1012,37.177,3.9004,3246.9221,5,4
507.4186,1002,37.177,3.8545,3246.9221,5,4
507.4186,1002,36.133,3.8545,3265.5522,5,4
508.3524,989,36.133,3.7171,3265.5522,5,4
508.3524,989,36.6817,3.7171,3266.6003,5,4
509.2181,979,36.6817,3.82,3266.6003,5,4
509.2181,979,36.6336,3.82,3242.2603,5,4
509.824,968,36.6336,3.7031,3242.2603,5,4
509.824,968,36.6336,3.7031,3296.459,5,4
510.777,956,36.8148,3.7031,3296.459,5,4
510.777,956,36.9796,3.7031,3290.8511,5,4
511.4743,945,36.9796,3.6686,3290.8511,5,4
511.4743,945,36.4305,3.6686,3273.9126,5,4
511.9583,935,36.4305,3.5889,3273.9126,5,4
511.9583,935,36.7934,3.5889,3273.9126,5,4
511.9583,935,36.7934,3.5219,3265.1978,5,4
512.5168,921,37.295,3.5219,3250.6365,5,4
512.5168,921,37.295,3.6522,3250.6365,5,4
513.4915,911,37.295,3.6522,3190.3369,5,4
513.8855,899,36.332,3.3915,3190.3369,5,4
513.8855,899,36.8812,3.3915,3180.5107,5,4
514.4771,891,36.8812,3.4815,3180.5107,5,4
514.4771,891,37.0738,3.4815,3176.8794,5,4
568.8802,935,52.9224,5.183,3009.4492,6,4
568.2331,936,52.9224,5.183,3009.4492,6,4
568.2331,936,52.8361,5.183,3002.6233,6,4
568.0611,939,52.8361,5.1898,3002.6233,6,4
568.0611,939,52.8337,5.2008,3014.4812,6,4
568.0653,940,52.8337,5.2008,3014.4812,6,4
568.0653,940,52.8337,5.2008,3004.7903,6,4
568.0935,942,52.8337,5.2118,3004.7903,6,4
568.0935,942,52.8336,5.2229,3043.0039,6,4
566.783,945,52.8336,5.2229,3043.0039,6,4
566.783,945,52.4292,5.2229,3059.6807,6,4
566.0569,946,52.4292,5.1843,3059.6807,6,4
566.0569,946,52.2714,5.1889,3065.5837,6,4
565.5615,948,52.2714,5.1889,3065.5837,6,4
565.5615,948,52.2658,5.1996,3113.4626,6,4
565.2919,950,52.2658,5.1996,3113.4626,6,4
565.2919,950,52.2656,5.2051,3145.7385,6,4
565.0624,951,52.2656,5.2051,3145.7385,6,4
565.0624,951,52.2656,5.216,3148.7485,6,4
565.3253,953,52.2656,5.216,3148.7485,6,4
565.3253,953,52.2656,5.216,3178.6838,6,4
565.4069,956,52.2656,5.2324,3178.6838,6,4
565.4069,956,51.8252,5.2324,3141.1282,6,4
565.2742,957,51.8252,5.1805,3141.1282,6,4
565.2742,957,51.7029,5.1805,3107.8362,6,4
565.2809,958,51.7029,5.1866,3107.8362,6,4
565.2809,958,51.6977,5.1866,3070.5195,6,4
564.8536,960,51.6977,5.1918,3070.5195,6,4
564.8536,960,51.6974,5.1918,3041.8201,6,4
564.7973,962,51.6974,5.208,3041.8201,6,4
564.7973,962,51.6974,5.208,3016.2891,6,4
564.7973,962,51.6974,5.2134,3016.2891,6,4
564.4183,964,51.6974,5.2134,3058.2932,6,4
564.1582,966,51.6974,5.2243,3058.2932,6,4
564.1582,966,51.6974,5.2243,3089.0322,6,4
563.6097,967,51.243,5.1839,3089.0322,6,4
563.6097,967,51.243,5.1839,3081.6841,6,4
563.6097,967,51.1355,5.1832,3081.6841,6,4
563.7188,968,51.1296,5.1832,3074.3535,6,4
563.5552,968,51.1296,5.1936,3074.3535,6,4
563.5552,970,51.1293,5.1936,3036.8005,6,4
563.4852,971,51.1293,5.1936,3036.8005,6,4
563.4852,971,51.1293,5.1936,3008.2966,6,4
563.5005,973,51.1293,5.2043,3008.2966,6,4
563.5005,973,51.1293,5.2043,3013.261,6,4
563.0254,974,51.1293,5.2097,3013.261,6,4
563.0254,974,51.1293,5.2097,3033.748,6,4
562.9877,975,51.1293,5.2204,3033.748,6,4
562.9877,975,51.1293,5.2204,3039.7173,6,4
562.6198,977,51.1293,5.2258,3039.7173,6,4
562.6198,977,50.7542,5.2258,3026.3091,6,4
563.0009,978,50.7542,5.1886,3026.3091,6,4
563.0009,978,50.5681,5.1886,3029.3806,6,4
563.2393,979,50.5681,5.1785,3029.3806,6,4
563.2393,979,50.5615,5.1785,3026.1636,6,4
563.0416,980,50.5615,5.1889,3026.1636,6,4
563.0416,980,50.5612,5.1942,3025.4194,6,4
563.186,981,50.5612,5.1942,3025.4194,6,4
563.186,981,50.5612,5.1995,3010.8386,6,4
563.5651,982,50.5612,5.1995,3010.8386,6,4
563.5651,982,50.5612,5.1995,3018.9392,6,4
563.7939,983,50.5612,5.2048,3018.9392,6,4
563.7939,983,50.5612,5.2048,3036.0405,6,4
563.9398,984,50.5612,5.2101,3036.0405,6,4
563.9398,984,50.5612,5.2101,3021.1851,6,4
564.1099,985,50.5612,5.2101,3021.1851,6,4
564.1099,985,50.5612,5.2101,3010.481,6,4
564.5902,986,50.5612,5.2206,3010.481,6,4
564.5902,986,50.5612,5.2206,3039.1018,6,4
564.6705,987,50.5612,5.2206,3039.1018,6,4
564.6705,987,50.5612,5.2206,3067.74,6,4
564.6705,987,50.5612,5.206,3067.74,6,4
565.535,988,50.1917,5.206,3063.5933,6,4
565.503,988,50.1917,5.1817,3063.5933,6,4
565.503,988,50.0009,5.1817,3046.3069,6,4
566.46,988,50.0009,5.178,3046.3069,6,4
566.46,988,49.9935,5.178,3070.3479,6,4
567.1612,989,49.9935,5.1777,3070.3479,6,4
567.1612,989,49.9931,5.1777,3102.9365,6,4
567.7822,989,49.9931,5.1777,3102.9365,6,4
567.7822,989,49.9931,5.1777,3091.5959,6,4
567.7822,989,49.9931,5.1777,3091.5959,6,4
568.5519,989,49.9931,5.1777,3091.5959,6,4
568.5519,988,49.9931,5.1725,3094.3376,6,4
569.6383,988,49.9931,5.1725,3121.4521,6,4
570.2596,988,49.9931,5.1725,3121.4521,6,4
570.2596,988,49.9931,5.1725,3172.7063,6,4
571.9477,987,50.045,5.1695,3172.7063,6,4
571.9477,987,50.4753,5.1695,3144.5764,6,4
572.5749,987,50.4753,5.222,3144.5764,6,4
572.5749,986,50.5579,5.222,3142.7461,6,4
573.5114,986,50.5579,5.2204,3142.7461,6,4
573.5114,986,50.5611,5.2206,3193.1621,6,4
575.0029,986,50.5611,5.2206,3193.1621,6,4
575.0029,986,50.5612,5.2206,3214.3281,6,4
575.8759,985,50.5612,5.2153,3214.3281,6,4
575.8759,985,50.5612,5.2153,3204.3325,6,4
575.8759,985,50.5612,5.2101,3204.3325,6,4
577.79,984,50.5612,5.2101,3212.2883,6,4
578.2578,982,50.5612,5.1995,3212.2883,6,4
578.2578,982,50.5612,5.1995,3212.2883,6,4
580.0168,981,50.5612,5.1942,3267.1792,6,4
580.0168,981,50.5612,5.1942,3273.4348,6,4
580.0168,981,50.5612,5.1889,3273.4348,6,4
581.2663,980,50.5612,5.1889,3259.9258,6,4
582.8373,978,50.5612,5.1783,3259.9258,6,4
582.8373,978,50.5612,5.1783,3259.9258,6,4
582.8373,978,50.5612,5.1768,3281.9319,6,4
584.8192,975,51.0669,5.1768,3330.072,6,4
585.6234,974,51.0669,5.2128,3330.072,6,4
585.6234,974,51.1266,5.2128,3345.7371,6,4
587.3644,973,51.1266,5.2096,3345.7371,6,4
587.3644,973,51.1293,5.2096,3355.2622,6,4
588.4789,970,51.1293,5.199,3355.2622,6,4
588.4789,970,51.1293,5.199,3368.1096,6,4
590.0912,968,51.1293,5.1883,3368.1096,6,4
590.0912,968,51.1293,5.1883,3403.2722,6,4
591.7223,967,51.1293,5.1776,3403.2722,6,4
591.7223,967,51.1577,5.1776,3416.9175,6,4
592.4871,964,51.1577,5.203,3416.9175,6,4
592.4871,964,51.6697,5.207,3423.6997,6,4
595.2042,962,51.6697,5.207,3423.6997,6,4
595.2042,962,51.6961,5.207,3456.314,6,4
596.9221,960,51.6961,5.1972,3456.314,6,4
596.9221,960,51.6974,5.1972,3504.9717,6,4
596.9221,960,51.6974,5.181,3504.9717,6,4
598.8353,957,51.6974,5.181,3486.4551,6,4
599.7512,954,51.6974,5.1894,3486.4551,6,4
599.7512,954,52.2109,5.1894,3477.1311,6,4
600.7271,952,52.2109,5.2083,3477.1311,6,4
600.7271,952,52.2109,5.2083,3477.1311,6,4
600.7271,952,52.264,5.1995,3491.3962,6,4
601.6262,949,52.2655,5.1995,3501.8318,6,4
602.7718,947,52.2655,5.1832,3501.8318,6,4
602.7718,947,52.2655,5.1832,3554.7646,6,4
602.7718,947,52.2655,5.1777,3554.7646,6,4
602.8596,945,52.2655,5.1777,3554.7646,6,4
602.8596,945,52.72,5.2069,3608.4448,6,4
604.3134,942,52.72,5.2069,3608.4448,6,4
604.3134,942,52.8288,5.2006,3597.8206,6,4
604.4337,940,52.8334,5.2006,3589.906,6,4
605.2256,937,52.8334,5.1842,3589.906,6,4
605.2256,937,52.8336,5.1842,3570.9189,6,4
605.2256,937,52.8336,5.1731,3570.9189,6,4
605.9087,935,52.8919,5.1731,3532.6243,6,4
606.5693,932,52.8919,5.1987,3532.6243,6,4
606.5693,932,53.377,5.1987,3490.3589,6,4
606.5693,932,53.377,5.2056,3490.3589,6,4
606.687,930,53.4009,5.2056,3478.8235,6,4
607.0753,929,53.4009,5.1951,3478.8235,6,4
607.0753,929,53.4009,5.1951,3478.8235,6,4
606.8518,927,53.4017,5.184,3428.9646,6,4
606.8518,927,53.4017,5.184,3406.2583,6,4
606.9473,925,53.4017,5.1728,3406.2583,6,4
606.9473,925,53.4017,5.1728,3406.2583,6,4
606.9473,925,53.4017,5.17,3397.376,6,4
606.6917,924,53.4017,5.17,3397.376,6,4
606.6917,924,53.9386,5.2155,3368.6274,6,4
606.7018,922,53.9386,5.2155,3365.0767,6,4
606.7018,922,53.9688,5.2052,3365.0767,6,4
606.4564,921,53.9688,5.2052,3355.907,6,4
606.4564,921,53.9698,5.1996,3355.907,6,4
606.8334,920,53.9698,5.1996,3355.907,6,4
606.8334,920,53.9698,5.1996,3352.6294,6,4
606.3262,919,53.9698,5.1939,3352.6294,6,4
606.3262,919,53.9698,5.1939,3359.7468,6,4
606.9401,918,53.9698,5.1883,3359.7468,6,4
525.3454,1122,40.3354,4.735,2384.833,7,4
525.3454,1122,40.3354,4.735,2387.2329,7,4
525.307,1123,40.3354,4.7435,2387.2329,7,4
525.307,1123,40.3354,4.7435,2400.7185,7,4
525.6084,1124,40.3354,4.7519,2400.7185,7,4
525.6084,1124,40.3354,4.7561,2426.5205,7,4
525.3674,1126,40.3354,4.7561,2426.5205,7,4
525.3674,1126,40.3354,4.7604,2439.678,7,4
525.0627,1127,40.3354,4.7604,2439.678,7,4
525.0627,1127,40.3354,4.7646,2454.1211,7,4
524.0846,1128,40.3354,4.7646,2454.1211,7,4
524.0846,1128,40.3354,4.7688,2443.6028,7,4
523.4728,1129,40.3354,4.7688,2443.6028,7,4
523.1847,1131,40.3354,4.7773,2428.4692,7,4
523.1847,1131,40.3354,4.7773,2428.4692,7,4
523.1847,1131,40.3354,4.7773,2368.9224,7,4
523.749,1132,40.3354,4.7773,2368.9224,7,4
523.9866,1133,40.3354,4.7814,2346.29,7,4
523.9866,1133,39.8885,4.7814,2336.9512,7,4
524.359,1133,39.8885,4.7253,2336.9512,7,4
524.359,1134,39.7738,4.7253,2352.0061,7,4
523.9672,1134,39.7738,4.7227,2352.0061,7,4
523.9672,1134,39.7674,4.7227,2378.8613,7,4
523.7479,1134,39.7674,4.7266,2378.8613,7,4
523.7479,1134,39.7673,4.7266,2409.835,7,4
523.2776,1135,39.7673,4.7266,2409.835,7,4
523.2776,1135,39.7673,4.7308,2421.8582,7,4
523.4435,1136,39.7673,4.7308,2420.2136,7,4
523.4435,1136,39.7673,4.7308,2420.2136,7,4
523.6973,1136,39.7673,4.7308,2417.4998,7,4
523.6973,1136,39.7673,4.7308,2417.4998,7,4
523.8624,1136,39.7673,4.7308,2417.4998,7,4
524.1304,1137,39.7673,4.735,2400.1738,7,4
524.1304,1137,39.7673,4.735,2372.7317,7,4
524.2274,1138,39.7673,4.7391,2372.7317,7,4
524.2274,1138,39.7673,4.7391,2360.2935,7,4
524.3444,1138,39.7673,4.7391,2360.2935,7,4
524.3444,1138,39.7673,4.7391,2345.2578,7,4
524.5802,1139,39.7673,4.7391,2345.2578,7,4
524.5802,1139,39.7673,4.7391,2337.2612,7,4
525.1019,1139,39.7673,4.7433,2337.2612,7,4
525.1019,1139,39.7673,4.7433,2326.5437,7,4
525.1924,1139,39.7673,4.7433,2326.5437,7,4
525.1924,1139,39.7673,4.7433,2346.7117,7,4
525.8192,1141,39.7673,4.7474,2346.7117,7,4
525.8192,1141,39.7673,4.7516,2339.1523,7,4
526.1276,1141,39.7673,4.7516,2339.1523,7,4
526.1276,1141,39.7673,4.7516,2351.2793,7,4
526.3506,1141,39.7673,4.7516,2351.2793,7,4
526.3506,1141,39.7673,4.7558,2359.5251,7,4
527.38,1142,39.7673,4.7558,2359.5251,7,4
527.38,1142,39.7673,4.7599,2343.3987,7,4
527.9982,1142,39.7673,4.7599,2338.9482,7,4
529.1089,1143,39.7673,4.7599,2338.9482,7,4
529.1089,1143,39.7673,4.7599,2301.9058,7,4
529.7547,1143,39.7673,4.7641,2301.9058,7,4
529.7547,1143,39.7673,4.7641,2301.9058,7,4
529.7547,1143,39.7673,4.7641,2294.8164,7,4
530.6501,1143,39.7673,4.7641,2294.8164,7,4
530.6501,1143,39.7673,4.7599,2305.7078,7,4
530.2253,1144,39.7673,4.7599,2326.9995,7,4
530.7664,1143,39.7673,4.7641,2326.9995,7,4
530.7664,1143,39.7673,4.7641,2326.9995,7,4
530.9238,1144,39.7673,4.7641,2347.8208,7,4
530.9238,1144,39.7673,4.7641,2331.8552,7,4
531.5409,1143,39.7673,4.7641,2331.8552,7,4
531.5409,1143,39.7673,4.7641,2308.707,7,4
532.7394,1143,39.7673,4.7599,2308.707,7,4
532.7394,1143,39.7673,4.7599,2306.0808,7,4
534.2565,1142,39.7673,4.7558,2306.0808,7,4
534.2565,1142,39.7673,4.7558,2329.0676,7,4
534.983,1142,39.7673,4.7558,2329.0676,7,4
534.983,1142,39.7673,4.7516,2388.3479,7,4
536.0001,1140,39.7673,4.7516,2388.3479,7,4
536.0001,1140,39.7673,4.7516,2491.8042,7,4
537.4458,1138,39.7673,4.7433,2491.8042,7,4
537.4458,1138,39.7673,4.735,2502.8743,7,4
538.7025,1136,39.7673,4.735,2502.8743,7,4
538.7025,1136,39.7673,4.7266,2518.3438,7,4
539.827,1135,39.7673,4.7266,2518.3438,7,4
539.827,1135,39.7673,4.7266,2516.9023,7,4
542.7104,1131,39.7673,4.7133,2516.9023,7,4
542.7104,1131,40.2466,4.7604,2524.4739,7,4
544.3267,1128,40.331,4.7604,2524.4739,7,4
544.3267,1128,40.331,4.756,2550.7866,7,4
547.7428,1125,40.331,4.756,2550.7866,7,4
547.7428,1125,40.3353,4.735,2608.5132,7,4
551.8688,1121,40.3353,4.735,2608.5132,7,4
551.8688,1121,40.3354,4.7223,2664.8188,7,4
555.7813,1117,40.3354,4.7223,2664.8188,7,4
559.687,1114,40.4249,4.742,2706.2478,7,4
559.687,1114,40.4249,4.742,2706.2478,7,4
559.687,1114,40.8896,4.742,2739.6047,7,4
564.0547,1109,40.8896,4.7498,2739.6047,7,4
564.0547,1109,40.9025,4.7331,2770.0771,7,4
566.8437,1104,40.9034,4.7331,2788.0681,7,4
566.8437,1104,40.9034,4.716,2788.0681,7,4
569.6279,1100,40.9034,4.716,2788.0681,7,4
569.6279,1100,41.4271,4.716,2793.7195,7,4
574.7705,1094,41.4271,4.7537,2793.7195,7,4
577.7196,1090,41.4691,4.7337,2792.4644,7,4
577.7196,1090,41.4715,4.7337,2792.4644,7,4
580.6923,1084,41.4715,4.7196,2804.4646,7,4
580.6923,1084,41.4715,4.7196,2804.4646,7,4
580.6923,1084,42.0221,4.7451,2816.8838,7,4
584.1128,1078,42.0387,4.7451,2816.8838,7,4
584.1128,1078,42.0387,4.7281,2851.5652,7,4
586.233,1073,42.1291,4.7281,2874.3838,7,4
589.0811,1067,42.1291,4.7501,2874.3838,7,4
589.0811,1067,42.5857,4.7501,2934.7273,7,4
592.4279,1062,42.5857,4.7422,2934.7273,7,4
592.4279,1062,42.6068,4.7162,3000.7773,7,4
595.4179,1056,42.6068,4.7162,3000.7773,7,4
595.4179,1056,43.0622,4.7481,3069.4307,7,4
599.5436,1051,43.0622,4.7481,3144.2664,7,4
603.402,1051,43.1704,4.7246,3144.2664,7,4
603.402,1044,43.1704,4.7246,3144.2664,7,4
603.402,1044,43.5683,4.7464,3203.2664,7,4
606.744,1036,43.733,4.7464,3203.2664,7,4
606.744,1036,43.733,4.727,3247.7363,7,4
609.0607,1031,43.733,4.727,3247.7363,7,4
609.0607,1031,44.1689,4.7464,3263.751,7,4
612.3293,1024,44.1689,4.7464,3289.8027,7,4
613.5768,1018,44.3043,4.7282,3289.8027,7,4
613.5768,1018,44.5429,4.7505,3316.2188,7,4
615.2152,1013,44.5429,4.7505,3316.2188,7,4
615.2152,1013,44.5429,4.7505,3356.1731,7,4
617.8986,1005,44.8715,4.7231,3356.1731,7,4
617.8986,1005,44.9693,4.7231,3372.1025,7,4
620.1924,1000,44.9693,4.7439,3372.1025,7,4
620.1924,1000,45.4307,4.7349,3407.7124,7,4
622.9335,994,45.4307,4.7349,3407.7124,7,4
622.9335,994,45.4473,4.7309,3412.2312,7,4
625.4805,989,45.4473,4.7309,3412.3545,7,4
628.0369,984,45.9664,4.7395,3412.3545,7,4
628.0369,984,46.0142,4.7395,3436.5576,7,4
630.1039,978,46.0142,4.7288,3436.5576,7,4
630.1039,978,46.5219,4.7288,3409.4492,7,4
631.5522,973,46.5219,4.7444,3409.4492,7,4
631.5522,973,46.5814,4.7221,3410.5876,7,4
632.1406,967,46.5814,4.7221,3410.5876,7,4
632.1406,967,47.0742,4.7221,3438.843,7,4
633.0537,961,47.0742,4.7474,3438.843,7,4
633.0537,961,47.1487,4.7474,3440.949,7,4
633.0537,961,47.1487,4.7254,3440.949,7,4
632.9526,957,47.4656,4.7546,3429.9192,7,4
632.9771,952,47.4656,4.7546,3429.9192,7,4
632.9771,952,47.7097,4.7371,3406.6616,7,4
633.1672,947,47.7097,4.7371,3406.6616,7,4
633.1672,947,47.7202,4.7153,3390.2793,7,4
632.046,943,48.2105,4.7153,3390.2793,7,4
632.046,943,48.2105,4.7456,3352.3896,7,4
631.5793,939,48.2849,4.7456,3352.3896,7,4
630.7273,935,48.2849,4.728,3344.4504,7,4
630.7273,935,48.2849,4.728,3344.4504,7,4
630.2098,931,48.4111,4.7457,3355.6831,7,4
630.2098,931,48.8372,4.7457,3375.2751,7,4
629.702,926,48.8372,4.737,3375.2751,7,4
629.702,926,48.8556,4.7223,3413.9756,7,4
629.4424,922,48.8556,4.7223,3413.9756,7,4
629.4424,922,49.3362,4.7223,3429.3469,7,4
628.6177,919,49.3362,4.7532,3429.3469,7,4
472.9682,634,75.9664,4.8172,3349.3313,8,4
472.9682,634,70.7875,4.8127,3335.8455,8,4
472.7082,635,70.7875,4.8127,3335.8455,8,4
472.5408,637,74.1531,5.0109,3316.2434,8,4
472.6066,640,74.1531,5.0109,3316.2434,8,4
472.6066,640,74.7813,4.9916,3307.4358,8,4
473.5042,642,74.7813,4.9916,3309.6133,8,4
473.5042,642,68.5282,4.4807,3309.6133,8,4
473.6234,640,68.3613,4.4807,3300.8672,8,4
473.6234,640,68.3613,4.6784,3300.8672,8,4
473.0481,640,75.1193,4.6784,3294.0117,8,4
472.7855,644,75.1193,5.1171,3294.0117,8,4
472.7855,644,75.1193,5.1171,3294.0117,8,4
471.6048,648,75.1266,5.0827,3266.6157,8,4
471.6048,648,76.9124,5.0827,3266.303,8,4
471.6496,652,76.9124,5.3119,3266.303,8,4
471.6496,652,82.0736,5.6848,3245.511,8,4
470.8789,659,82.0736,5.6848,3245.511,8,4
470.8789,659,78.7318,5.4233,3239.0925,8,4
470.3922,663,78.7318,5.4233,3239.0925,8,4
470.3507,667,76.9768,5.3477,3221.7664,8,4
470.3507,667,76.9768,5.3477,3221.7664,8,4
470.3507,667,73.1253,5.0895,3223.2224,8,4
469.8035,669,71.8327,5.0895,3213.0562,8,4
469.9943,668,71.8327,4.8768,3213.0562,8,4
469.9943,668,63.0007,4.8768,3213.457,8,4
469.9233,667,63.0007,4.4429,3213.457,8,4
469.9233,667,67.1464,4.4429,3199.2561,8,4
470.8191,668,67.1464,4.7677,3199.2561,8,4
470.8191,668,71.1156,5.0781,3200.335,8,4
471.1115,670,71.1156,5.0781,3200.335,8,4
471.1115,670,75.4987,5.2875,3186.6873,8,4
471.5058,675,75.4987,5.2875,3186.6873,8,4
471.5058,675,72.873,5.2069,3179.4734,8,4
471.0517,679,72.873,5.2069,3179.4734,8,4
471.0517,679,74.2441,5.2849,3178.1748,8,4
471.5549,682,72.2268,4.7353,3164.9434,8,4
472.6919,684,64.3519,4.8979,3164.9434,8,4
472.6919,684,65.7556,4.8979,3171.8235,8,4
473.3743,683,65.7556,4.5827,3171.8235,8,4
473.3743,683,63.3849,4.5523,3170.041,8,4
473.1013,682,63.3849,4.5523,3170.041,8,4
473.1013,682,69.7398,4.5523,3161.7073,8,4
473.7294,685,69.7398,5.0881,3161.7073,8,4
473.7294,685,71.0745,5.0881,3170.8254,8,4
474.8888,689,71.0745,5.1178,3170.8254,8,4
474.8888,689,65.7309,4.5989,3182.3813,8,4
475.5706,688,65.7309,4.5989,3183.3799,8,4
475.5706,688,57.8714,4.0692,3183.3799,8,4
475.41,684,57.8714,4.0692,3183.3799,8,4
475.41,684,56.7839,4.0546,3179.8474,8,4
475.4468,680,56.7839,4.0546,3190.7983,8,4
476.2672,680,60.5873,4.437,3190.7983,8,4
476.2672,680,60.5873,4.437,3196.6069,8,4
476.2672,680,71.8626,5.2239,3196.6069,8,4
476.4947,687,72.7426,5.2239,3193.9558,8,4
477.1236,690,72.7426,5.1755,3193.9558,8,4
477.1236,690,67.5162,5.1755,3188.8704,8,4
477.5895,692,67.5162,4.8884,3188.8704,8,4
477.5895,692,67.525,4.8884,3201.0762,8,4
478.2718,691,67.525,4.3657,3201.0762,8,4
478.2718,691,55.4386,3.5978,3210.3835,8,4
479.4784,685,55.4386,3.5978,3210.3835,8,4
479.4784,685,48.7091,3.8138,3218.8044,8,4
479.963,680,48.7091,3.8138,3218.8044,8,4
479.5769,679,58.5994,4.2767,3224.5867,8,4
479.5769,679,61.1675,4.2767,3243.5974,8,4
480.3819,682,61.1675,4.9948,3243.5974,8,4
480.3819,682,72.1273,4.9948,3257.666,8,4
480.5319,686,72.1273,4.9216,3257.666,8,4
480.5319,686,63.1052,4.3895,3280.6523,8,4
481.5768,685,63.1052,4.3895,3280.6523,8,4
481.5768,685,57.3866,3.9419,3294.5596,8,4
483.1446,681,57.3866,3.9419,3294.5596,8,4
483.1446,681,52.6634,3.9419,3302.0242,8,4
484.7567,675,51.158,3.6795,3302.0242,8,4
484.7567,675,51.158,3.5284,3321.9824,8,4
485.7345,668,51.158,3.5284,3337.6985,8,4
485.1292,664,52.4879,3.7826,3337.6985,8,4
485.1292,664,52.4879,3.7826,3337.6985,8,4
485.1292,664,64.2783,4.5622,3359.8235,8,4
486.543,665,64.2783,4.5622,3389.3191,8,4
486.6067,665,65.06,4.5181,3389.3191,8,4
486.6067,665,61.5083,4.5181,3411.5762,8,4
487.6707,662,61.5083,4.2125,3411.5762,8,4
487.6707,662,56.8806,4.2125,3428.4336,8,4
487.4572,658,56.8806,3.8787,3428.4336,8,4
487.4572,658,55.3506,3.8787,3455.7729,8,4
487.8708,652,55.3506,3.7899,3455.7729,8,4
487.8708,652,45.6429,3.0401,3484.6609,8,4
487.4561,640,45.6429,3.0401,3513.6653,8,4
488.3925,635,53.164,3.6111,3513.6653,8,4
488.3925,635,54.7611,3.6111,3543.2957,8,4
488.5388,629,54.7611,3.6351,3543.2957,8,4
488.5388,629,56.9176,3.6351,3584.9006,8,4
489.348,625,56.9176,3.7499,3584.9006,8,4
489.348,625,57.8355,3.8415,3624.9141,8,4
489.9187,621,57.8355,3.8415,3624.9141,8,4
489.9187,621,67.2905,4.4635,3651.9041,8,4
489.6108,622,67.2905,4.4635,3651.9041,8,4
489.7553,622,61.2536,3.9558,3684.1047,8,4
489.7553,619,66.1538,3.9558,3709.1665,8,4
490.0396,618,66.1538,4.2864,3709.1665,8,4
490.0396,618,64.9929,4.1104,3738.0239,8,4
491.1465,614,64.9929,4.1104,3738.0239,8,4
491.1465,614,58.4796,4.1104,3753.7522,8,4
491.6335,609,58.4796,3.9059,3753.7522,8,4
491.6335,609,62.9849,3.8991,3779.8281,8,4
491.6129,605,62.9849,3.8991,3779.8281,8,4
491.6129,605,61.1152,4.0012,3802.8425,8,4
490.51,601,61.1152,4.0012,3802.8425,8,4
490.51,601,66.0822,4.1883,3828.127,8,4
490.8486,599,66.0822,4.1883,3840.354,8,4
490.8486,599,65.7958,3.9467,3840.354,8,4
489.8807,596,65.7958,3.9467,3840.354,8,4
489.8807,596,70.1816,3.9467,3855.7632,8,4
490.6431,597,70.1816,4.5058,3855.7632,8,4
490.6431,597,65.2446,3.9308,3869.5659,8,4
490.297,592,65.7042,3.9308,3875.5986,8,4
490.3479,590,65.7042,4.1419,3875.5986,8,4
490.3479,590,65.8246,4.1419,3881.9524,8,4
491.244,586,65.8246,4.0373,3881.9524,8,4
491.244,586,64.1067,4.0373,3899.9924,8,4
490.9651,583,64.1067,3.8974,3899.9924,8,4
490.9651,583,70.0343,4.3341,3918.8865,8,4
491.0928,583,70.0343,4.3341,3918.8865,8,4
491.0928,583,58.0591,3.6396,3922.7231,8,4
491.5956,575,58.0591,3.6396,3922.7231,8,4
491.5956,575,69.3231,4.1641,3935.749,8,4
490.8194,574,69.3231,4.1641,3935.749,8,4
490.8194,574,67.2745,3.891,3948.0652,8,4
490.7788,569,58.3327,3.891,3951.8682,8,4
490.0645,567,58.3327,4.0555,3951.8682,8,4
490.0645,567,74.5247,4.0555,3945.8662,8,4
490.3612,565,74.5247,3.9545,3945.8662,8,4
490.3612,565,63.5155,3.9545,3938.002,8,4
491.0707,559,63.5155,3.6212,3938.002,8,4
491.0707,559,58.1081,3.6212,3946.3176,8,4
492.1965,550,58.1081,3.162,3946.3176,8,4
492.1965,550,58.793,3.9067,3948.1838,8,4
491.6106,548,58.793,3.9067,3948.1838,8,4
491.6106,548,72.2764,3.9067,3952.9385,8,4
490.074,550,72.2764,4.138,3952.9385,8,4
490.074,550,78.8321,4.8067,3959.2078,8,4
489.1057,555,79.5725,4.8067,3975.0022,8,4
487.2648,557,79.5725,4.5713,3975.0022,8,4
487.2648,557,79.5725,4.5713,3975.0022,8,4
487.2648,557,86.2482,5.1421,3973.3962,8,4
488.2633,564,86.2482,5.1421,3973.3962,8,4
488.2633,564,86.8831,5.158,3968.1904,8,4
488.3855,569,78.2115,5.158,3965.0686,8,4
486.8428,567,78.2115,4.5279,3965.0686,8,4
486.8428,567,78.2115,4.5279,3976.2839,8,4
490.0068,561,68.9654,4.0526,3976.2839,8,4
490.0068,561,70.6312,4.0526,3970.1895,8,4
488.9762,558,70.6312,4.0532,3970.1895,8,4
488.9762,558,59.0646,4.0532,3956.9192,8,4
487.2908,548,59.0646,3.3267,3956.9192,8,4
487.2908,548,60.4322,3.6682,3944.5327,8,4
487.0814,544,60.4322,3.6682,3944.5327,8,4
487.0814,544,77.0753,4.2691,3937.9333,8,4
484.57,545,77.0753,4.2691,3937.9333,8,4
484.57,545,65.8248,4.0674,3914.7351,8,4
484.0734,543,65.8248,4.0674,3899.6926,8,4
480.6,643,68.462,4.4313,3566.0466,9,4
480.54,646,68.0305,4.6275,3540.0693,9,4
480.54,649,68.0305,4.6156,3502.0259,9,4
479.7,653,67.9124,4.6241,3480.2959,9,4
479.7,653,67.4297,4.6241,3574.8691,9,4
479.67,657,66.9799,4.6318,3655.1357,9,4
479.62,660,66.9799,4.6211,3655.1357,9,4
479.62,660,66.8335,4.6211,3713.6321,9,4
479.23,665,66.8335,4.619,3713.6321,9,4
479.23,668,65.7406,4.6274,3622.0071,9,4
478.46,671,65.6619,4.6094,3564.9873,9,4
478.35,675,65.6619,4.6214,3491.801,9,4
478.35,675,65.0798,4.6214,3343.7871,9,4
478.26,678,65.0443,4.6205,3306.3665,9,4
477.48,682,65.0443,4.6176,3306.3665,9,4
477.47,684,64.4999,4.6195,3326.334,9,4
477.47,684,64.4874,4.6195,3349.5706,9,4
477.23,687,64.4874,4.6394,3349.5706,9,4
477.04,690,63.9014,4.6181,3359.4341,9,4
477.03,693,63.3662,4.6374,3364.5645,9,4
476.31,695,63.3662,4.6097,3364.5645,9,4
476.16,698,63.3155,4.628,3334.1428,9,4
476.16,698,63.0348,4.628,3274.2966,9,4
476.16,701,63.0348,4.6078,3274.2966,9,4
476.16,701,62.7291,4.618,3212.9368,9,4
475.31,704,62.7284,4.618,3207.8967,9,4
475.28,706,62.7284,4.6311,3207.8967,9,4
475.23,708,62.2139,4.6035,3201.7654,9,4
474.42,710,62.1422,4.6139,3214.0947,9,4
474.4,711,62.1422,4.6269,3356.9565,9,4
474.36,713,62.1422,4.6334,3356.9565,9,4
474.36,713,61.6732,4.6044,3360.0173,9,4
473.53,715,61.5599,4.6044,3235.356,9,4
473.52,716,61.556,4.6155,3103.1477,9,4
473.52,716,61.5559,4.6219,2985.6968,9,4
472.78,717,61.5559,4.6283,2985.6968,9,4
472.65,718,61.5559,4.6348,3086.5554,9,4
472.64,720,61.5559,4.6348,3231.2319,9,4
472.22,721,60.9952,4.6024,3336.6235,9,4
472.22,721,60.97,4.6034,3387.6516,9,4
472.21,721,60.9697,4.6034,3438.188,9,4
471.9,721,60.9697,4.6034,3417.4194,9,4
471.77,721,60.9697,4.6034,3417.4194,9,4
471.77,721,60.9697,4.6034,3241.6284,9,4
471.77,721,60.9697,4.6034,3056.9507,9,4
471.77,721,60.9697,4.6034,3056.9507,9,4
471.34,720,60.9697,4.597,3046.6296,9,4
471.33,720,60.9697,4.597,3121.2732,9,4
471.33,718,61.5534,4.6313,3223.5295,9,4
471.33,717,61.5534,4.6218,3311.595,9,4
471.33,717,61.5559,4.6154,3529.4009,9,4
471.33,716,61.5559,4.6154,3617.6179,9,4
471.72,714,61.5559,4.609,3617.6179,9,4
471.72,714,61.5559,4.5961,3590.0676,9,4
471.77,712,61.9246,4.6134,3436.5291,9,4
471.77,710,62.1358,4.6134,3324.3406,9,4
472.64,708,62.142,4.6136,3341.1521,9,4
472.64,708,62.1422,4.5878,3376.5781,9,4
472.64,705,62.6769,4.6161,3421.0762,9,4
473.73,702,62.7274,4.6161,3557.7969,9,4
473.96,700,62.7274,4.5982,3557.7969,9,4
473.96,697,62.7284,4.5895,3685.271,9,4
473.96,697,63.2784,4.607,3813.1763,9,4
475.41,694,63.3143,4.5882,3756.467,9,4
475.72,689,63.8722,4.6032,3610.6487,9,4
475.72,689,63.9001,4.5905,3502.1621,9,4
477.99,685,64.4463,4.5905,3640.0249,9,4
478.35,681,64.4463,4.6052,3640.0249,9,4
478.35,678,64.4869,4.5874,3858.7339,9,4
478.35,678,65.0412,4.5874,4013.8833,9,4
480.92,674,65.4418,4.5993,3908.606,9,4
480.98,671,65.4418,4.6133,3908.606,9,4
481.25,668,60.1292,4.5929,3787.22,9,4
481.25,668,60.1292,3.9718,3755.9927,9,4
483.61,662,57.4283,3.9456,3942.0835,9,4
483.61,654,57.9801,3.9456,4038.8037,9,4
486.07,648,57.9801,3.9407,4038.8037,9,4
486.68,638,58.5947,3.9546,4080.6489,9,4
486.68,638,59.4835,3.9546,4126.4873,9,4
486.69,631,60.1949,3.9476,4146.1436,9,4
489.17,625,60.1949,3.9459,4146.1436,9,4
489.17,625,60.7838,3.9399,4136.5303,9,4
489.32,616,61.5428,3.9461,4118.1553,9,4
491.02,610,62.2139,3.9461,4133.7402,9,4
491.5,603,62.8429,3.9545,4171.4478,9,4
491.5,603,62.8429,3.9475,4171.4478,9,4
491.51,595,63.859,3.9475,4217.2622,9,4
493.19,589,63.859,3.9479,4217.2622,9,4
493.27,582,64.6301,3.955,4230.3086,9,4
493.27,582,29.8106,3.955,4247.6919,9,4
