y1,y2,y3,u1,d1,exp_id,phase
354.64,710,0.0000,0,-1.1001,14,1
354.64,710,0.0000,0,-1.6048,14,1
354.64,710,0.0000,0,-1.915,14,1
354.64,710,0.0000,0,-1.6545,14,1
354.64,710,0.0000,0,-1.3828,14,1
354.64,710,0.0000,0,-1.3828,14,1
354.64,710,0.0000,0,-1.0967,14,1
354.64,710,0.0000,0,-0.1722,14,1
354.64,710,0.0000,0,-0.1722,14,1
354.64,710,0.0000,0,1.0315,14,1
354.64,710,0.0000,0,1.0315,14,1
354.64,710,0.0000,0,1.0315,14,1
354.64,710,0.0000,0,0.3146,14,1
354.64,710,0.0000,0,-0.011,14,1
31.65,363,8.4429,0.2422,0.0004,14,1
31.65,363,8.4429,0.2422,0.0004,14,1
31.65,439,-1.9004,-0.0945,0.0122,14,1
31.65,439,-1.9004,-0.0945,-18.5445,14,1
31.65,472,0.8714,0.0505,-51.7629,14,1
31.65,488,2.5137,0.1285,-51.7629,14,1
32.05,496,4.6516,0.2452,-66.3161,14,1
32.05,496,4.6516,0.2452,-57.9461,14,1
32.09,503,5.5304,0.2842,-36.839,14,1
32.09,503,5.5304,0.2842,-30.9255,14,1
31.66,504,4.8353,0.2552,-30.9255,14,1
31.65,504,6.7442,0.3524,-16.0427,14,1
31.65,504,5.6099,0.2602,1.7656,14,1
31.65,504,5.6099,0.2602,1.9086,14,1
31.65,503,6.6310,0.3493,-1.8311,14,1
31.65,505,91.4730,3.5483,-1.8311,14,1
31.65,545,199.8497,11.2736,-5.6516,14,1
31.65,618,221.0369,13.9142,-7.1255,14,1
31.65,699,226.5102,16.5804,-15.13,14,1
31.65,804,162.6348,15.5064,-20.2704,14,1
31.65,887,34.7811,3.2307,-18.5169,14,1
31.65,887,34.7811,3.2307,-6.4229,14,1
31.65,936,16.1810,1.5432,10.4476,14,1
31.65,966,9.0047,0.8966,10.4476,14,1
31.65,983,9.5360,0.9816,13.9995,14,1
31.65,992,10.4870,0.9631,-25.853,14,1
31.65,992,9.6302,1.0307,-70.422,14,1
31.65,998,9.6302,1.0307,-80.2081,14,1
31.65,1002,6.6751,0.7004,-80.2081,14,1
31.65,1003,8.8775,0.9324,-47.3892,14,1
31.65,1003,9.1361,0.9071,-27.3329,14,1
31.65,1003,9.1361,0.9071,-23.1903,14,1
31.65,1003,9.1868,0.9994,-23.1903,14,1
31.65,1003,5.8222,0.5898,-18.6325,14,1
31.65,1003,7.1864,0.8466,-14.9375,14,1
31.65,1002,6.8758,0.7215,-14.8268,14,1
31.65,1002,7.6274,0.8003,-15.0211,14,1
31.65,1002,9.1261,1.0022,-15.1888,14,1
31.65,1002,8.9404,0.9121,-11.8169,14,1
31.65,1002,8.9404,0.9121,-6.2359,14,1
31.65,1001,9.8680,0.8865,-6.2359,14,1
31.65,1001,7.0518,0.778,-2.0804,14,1
31.65,1001,8.2555,0.8421,0.723,14,1
31.65,1001,8.2555,0.8421,3.7021,14,1
31.65,1001,8.6362,0.9458,6.1948,14,1
31.65,1001,9.6781,1.0134,4.4049,14,1
31.65,1001,10.1527,1.1834,0.9921,14,1
31.65,1001,10.1527,1.1834,-1.9917,14,1
31.65,1001,9.2153,1.0097,-3.0942,14,1
31.65,1001,11.1790,1.1899,-3.0942,14,1
31.65,1001,8.7874,0.8761,-4.2855,14,1
31.65,1001,8.7874,0.8761,-6.1316,14,1
31.65,1000,9.3439,0.9337,-1.777,14,1
31.65,1000,11.2043,1.1136,-1.777,14,1
31.65,1000,10.6145,1.1115,7.4438,14,1
31.65,1000,10.6145,1.1115,11.3901,14,1
31.65,1000,11.4439,1.1308,11.3901,14,1
31.65,1000,10.3229,1.0796,-1.8636,14,1
31.65,1000,11.7730,1.2506,-14.8955,14,1
31.65,1000,11.7730,1.2506,-7.0772,14,1
31.65,1000,9.4434,0.991,-7.0772,14,1
31.65,1000,10.0630,1.0071,4.5126,14,1
31.65,1000,9.0957,0.904,19.9947,14,1
31.65,1000,7.2829,0.7771,16.5497,14,1
31.65,1000,11.0792,1.1553,0.0916,14,1
31.65,1000,8.0963,0.8478,-16.9066,14,1
31.65,1000,9.4752,1.045,-15.7416,14,1
31.65,1000,9.7915,1.0306,5.0884,14,1
31.65,1000,9.7915,1.0306,27.6335,14,1
31.65,1000,10.4604,1.0977,27.6335,14,1
31.65,1000,8.9130,1.059,43.9134,14,1
31.65,1000,7.0283,0.8624,81.0635,14,1
31.65,1000,7.0283,0.8624,120.3058,14,1
31.65,1000,9.5783,1.003,120.3058,14,1
31.65,1000,12.1490,1.3382,124.467,14,1
31.65,1000,12.1490,1.3382,115.5534,14,1
31.65,1000,12.1465,1.272,120.8808,14,1
31.65,1000,10.4230,1.1222,120.8808,14,1
31.65,1000,10.2624,1.1069,164.209,14,1
31.65,1000,12.4995,1.2887,210.6741,14,1
31.65,1000,12.4995,1.2887,226.612,14,1
31.65,1000,9.6125,0.9473,221.3801,14,1
31.65,1000,7.1461,0.7503,221.3801,14,1
31.65,1000,11.5499,1.2369,213.3017,14,1
31.65,1000,10.3105,0.9602,249.3182,14,1
31.65,1000,8.2545,0.8683,249.3182,14,1
31.65,1000,8.1434,0.9422,294.3192,14,1
31.65,1000,9.1845,0.9618,319.9491,14,1
31.65,1000,9.1845,0.9618,312.5302,14,1
31.65,1000,8.9149,0.9336,302.9443,14,1
31.65,1000,9.8787,1.0336,302.9443,14,1
31.65,1000,11.2446,1.1598,299.8852,14,1
31.65,1000,12.1901,1.2765,330.019,14,1
31.65,1000,9.6910,1.0148,378.0034,14,1
31.65,1000,10.6081,1.0493,416.5352,14,1
31.65,1000,10.6081,1.0493,405.3202,14,1
31.65,1000,10.5486,1.1046,391.2531,14,1
31.65,1000,9.3478,0.9789,391.2531,14,1
31.65,1000,11.6936,1.2741,384.8673,14,1
31.65,1000,11.6285,1.2733,426.6259,14,1
31.65,1000,11.6285,1.2733,487.3031,14,1
31.65,1000,12.5866,1.3753,487.3031,14,1
31.65,1000,8.4935,0.9822,494.4491,14,1
31.65,1000,8.4935,0.9822,483.4544,14,1
31.65,1000,9.9750,1.1201,478.7922,14,1
31.65,1000,8.7593,1.0559,478.7922,14,1
31.65,1000,9.0457,1.0189,500.0625,14,1
31.65,1000,9.7825,1.1286,542.3314,14,1
31.65,1000,9.7825,1.1286,561.728,14,1
31.65,1000,10.1506,1.063,561.728,14,1
31.65,1000,11.2140,1.1743,571.9791,14,1
31.65,1000,10.7221,1.1473,582.9614,14,1
31.65,1000,10.4050,1.0091,589.6351,14,1
31.65,1000,8.4616,0.7647,598.5386,14,1
31.65,1000,10.5888,1.1089,606.0225,14,1
31.65,1000,9.8042,1.0145,613.8376,14,1
31.65,1000,9.8042,1.0145,630.056,14,1
31.65,1000,7.2757,0.7889,646.215,14,1
31.65,1000,11.1973,1.1895,646.215,14,1
31.65,1000,11.1973,1.1895,666.4015,14,1
31.65,1000,10.0573,1.0532,669.8873,14,1
31.65,1000,11.6431,1.2193,669.8873,14,1
31.65,1000,9.7495,1.0577,675.2377,14,1
32.08,1000,9.0562,0.9186,691.7965,14,1
32.09,1000,9.3864,0.9643,714.4716,14,1
32.09,1000,9.2185,0.9902,714.4716,14,1
32.09,1000,7.9584,0.8273,731.4341,14,1
32.09,1000,7.9584,0.8273,727.7919,14,1
32.09,1000,9.6988,1.0539,727.7919,14,1
32.09,1000,11.2527,1.1784,719.983,14,1
32.09,1000,11.2527,1.1784,719.6359,14,1
32.09,1000,9.9016,1.0369,750.0035,14,1
32.09,1000,9.9016,1.0369,792.7662,14,1
32.09,1000,11.0472,1.2391,797.5097,14,1
32.09,1000,9.4636,1.0319,782.9927,14,1
32.09,1000,9.0300,0.9456,762.1234,14,1
32.13,1000,9.6899,1.0147,762.1234,14,1
32.51,1000,9.0775,0.9506,754.7256,14,1
32.51,1000,9.0775,0.9506,800.6573,14,1
32.53,1000,9.0287,0.9455,851.8024,14,1
32.53,1000,8.6686,0.9078,851.8024,14,1
32.53,1000,10.0387,1.0394,841.5551,14,1
32.53,1000,10.7512,1.1011,804.6241,14,1
32.53,1000,11.1292,1.161,790.7678,14,1
32.95,1000,10.3904,1.0834,790.7678,14,1
32.95,1000,10.3904,1.0834,839.6023,14,1
32.97,1000,9.3210,1.0037,839.6023,14,1
32.97,1000,11.7272,1.2281,916.8864,14,1
32.97,1000,11.7272,1.2281,905.6148,14,1
32.97,1000,10.7303,1.1778,905.6148,14,1
32.97,1000,8.9857,0.9905,838.2518,14,1
33.38,1000,10.9487,1.1465,881.9377,14,1
33.41,1000,10.5869,1.0696,881.9377,14,1
33.41,1000,10.5869,1.0696,943.4185,14,1
33.41,1000,9.9282,0.9834,957.8378,14,1
33.41,1000,10.3483,1.1075,957.8378,14,1
33.41,1000,10.1224,1.117,928.1946,14,1
33.41,1000,10.1224,1.117,892.1875,14,1
33.5,1000,10.8244,1.1803,880.3946,14,1
33.84,1000,10.4548,1.1135,880.3946,14,1
33.84,1000,9.8572,1.0322,991.436,14,1
33.84,1000,11.3819,1.1981,991.436,14,1
33.84,1000,11.3819,1.1981,972.8389,14,1
33.84,1000,11.2759,1.1997,932.7723,14,1
33.84,1000,10.7726,1.1281,932.7723,14,1
34.26,1000,11.1938,1.1722,899.2859,14,1
34.26,1000,11.1938,1.1722,945.0129,14,1
34.28,1000,11.3329,1.1752,945.0129,14,1
34.28,1000,12.2379,1.2816,1015.2567,14,1
34.28,1000,10.2410,1.1097,1025.7356,14,1
34.28,1000,9.6916,1.0464,986.9041,14,1
34.28,1000,9.6916,1.0464,946.4919,14,1
34.57,1000,10.8146,1.1358,962.3093,14,1
34.72,1000,11.6246,1.2008,962.3093,14,1
34.72,1000,10.9104,1.119,1008.1494,14,1
34.72,1000,10.9104,1.119,1043.0968,14,1
34.72,1000,12.4309,1.3018,1047.5333,14,1
34.72,1000,9.9508,1.0852,1026.8595,14,1
34.72,1000,12.5651,1.3054,1026.8595,14,1
34.72,1000,10.5271,1.1169,1010.7646,14,1
34.72,1000,12.9076,1.3534,1026.9666,14,1
34.72,1000,12.5019,1.3092,1043.5129,14,1
34.96,1000,11.0575,1.1579,1043.5129,14,1
35.15,1000,10.2001,1.0682,1053.5293,14,1
35.15,1000,10.2001,1.0682,1044.0544,14,1
35.16,1000,11.0798,1.1375,1044.0544,14,1
35.4,1000,10.3969,1.1613,1030.7969,14,1
35.4,1000,10.3969,1.1613,1033.0632,14,1
35.6,1000,12.0478,1.2447,1050.377,14,1
35.6,1000,12.0478,1.2447,1062.9161,14,1
35.6,1000,11.5646,1.2308,1056.5009,14,1
35.6,1000,12.5108,1.284,1056.5009,14,1
35.6,1000,12.7971,1.2976,1046.7585,14,1
35.6,1000,12.7971,1.2976,1039.849,14,1
36.02,1000,10.7530,1.1385,1041.7271,14,1
36.04,1000,12.4389,1.2552,1044.7223,14,1
36.04,1000,11.4415,1.1905,1044.7223,14,1
36.04,1000,11.8713,1.1965,1046.8977,14,1
36.04,1000,12.1801,1.2365,1075.4342,14,1
36.04,1000,10.7215,1.1702,1075.4342,14,1
36.04,1000,10.7215,1.1702,1087.3541,14,1
36.45,1000,9.2202,0.9747,1064.2726,14,1
36.48,1000,12.0819,1.2652,1064.2726,14,1
36.48,1000,12.2288,1.3173,1026.2522,14,1
36.48,1000,12.2288,1.3173,1015.9393,14,1
36.91,1000,11.8202,1.2653,1050.9114,14,1
36.92,1000,13.6534,1.4501,1080.1583,14,1
36.92,1000,13.3030,1.3931,1104.0826,14,1
36.92,1000,11.9260,1.2488,1063.3807,14,1
36.92,1000,12.7533,1.3703,1063.3807,14,1
37.09,1000,13.1633,1.3819,1006.2847,14,1
37.09,1000,13.1633,1.3819,1008.9767,14,1
37.35,1000,11.1082,1.1632,1053.4729,14,1
37.35,1000,11.3543,1.193,1053.4729,14,1
37.35,1000,11.3543,1.193,1106.8638,14,1
37.36,1000,12.1633,1.2737,1075.4353,14,1
37.36,1000,11.7211,1.2274,1075.4353,14,1
37.36,1000,12.0581,1.283,991.8117,14,1
37.77,1000,11.5350,1.208,1023.3735,14,1
37.77,1000,11.5350,1.208,1059.4407,14,1
37.79,1000,12.2205,1.29,1059.4407,14,1
37.82,1000,12.1888,1.2764,1105.4106,14,1
38.22,1000,9.4625,0.9909,1087.0852,14,1
38.22,1000,9.4625,0.9909,1037.4634,14,1
38.23,999,11.2031,1.172,1037.4634,14,1
38.23,997,11.2170,1.1352,990.3167,14,1
38.23,994,9.4406,1.2265,1137.0785,14,1
38.23,992,9.4406,1.2265,1163.1609,14,1
38.23,989,11.3435,1.1581,1240.8361,14,1
38.66,986,3.3463,0.288,1186.9292,14,1
38.67,984,13.1508,1.3701,1186.9292,14,1
38.67,984,13.1508,1.3701,1085.28,14,1
38.67,981,11.7107,1.1913,1049.8909,14,1
39.1,977,13.1020,1.4024,1049.8909,14,1
39.11,973,11.6838,1.1905,1146.7959,14,1
39.11,973,11.6838,1.1905,1232.7025,14,1
39.11,968,14.4661,1.4664,1231.7935,14,1
39.11,965,11.7080,1.185,1231.7935,14,1
39.13,963,4.1383,0.4173,1212.6786,14,1
39.13,963,4.1383,0.4173,1193.2706,14,1
39.53,960,13.5189,1.3591,1173.9257,14,1
39.55,957,12.3077,1.2147,1134.7854,14,1
39.55,957,12.3077,1.2147,1115.4951,14,1
39.7,953,13.7677,1.3788,1114.6603,14,1
39.98,950,10.8314,1.1227,1114.6603,14,1
39.99,947,6.4565,0.532,1156.5526,14,1
40.3,943,6.0254,0.595,1197.9913,14,1
40.42,940,14.2025,1.3122,1197.9913,14,1
40.43,937,11.6014,1.1384,1248.4114,14,1
40.43,937,11.6014,1.1384,1277.7488,14,1
40.82,934,10.3393,1.0113,1287.6133,14,1
40.86,931,4.5986,0.4342,1292.7825,14,1
40.86,931,4.5986,0.4342,1314.4921,14,1
40.87,928,17.0098,1.653,1333.3359,14,1
40.87,925,14.4691,1.3146,1333.3359,14,1
40.87,921,13.3580,1.339,1345.6776,14,1
40.87,919,3.9569,0.3771,1348.8722,14,1
41.27,916,18.7570,1.7939,1357.9907,14,1
41.3,913,16.8819,1.5661,1367.3993,14,1
41.3,913,16.8819,1.5661,1381.8777,14,1
41.3,910,12.0579,1.1151,1396.7015,14,1
41.72,907,12.8063,1.0416,1396.7015,14,1
41.74,905,13.6958,1.3119,1432.8248,14,1
41.74,905,13.6958,1.3119,1481.4163,14,1
42.04,901,16.0361,1.414,1517.7639,14,1
42.6,898,17.5403,1.6004,1558.6875,14,1
42.62,896,17.5403,1.6004,1598.5291,14,1
42.8,892,18.2126,1.7012,1598.5291,14,1
43.06,889,14.1030,1.2634,1621.2902,14,1
43.06,889,14.1030,1.2634,1641.3207,14,1
43.06,886,8.5791,0.796,1641.3207,14,1
43.21,884,17.7003,1.6413,1652.4454,14,1
43.49,881,16.6388,1.5351,1641.3049,14,1
43.49,881,16.6388,1.5351,1622.0107,14,1
43.5,877,13.7230,1.1711,1612.2583,14,1
44.16,874,7.1505,0.8588,1566.5026,14,1
44.38,868,17.2471,1.664,1482.6761,14,1
44.38,868,17.2471,1.664,1401.9414,14,1
44.62,865,19.6263,1.7506,1401.9414,14,1
44.81,862,16.8795,1.5059,1394.0182,14,1
44.81,859,11.4894,0.9664,1399.5776,14,1
45.17,856,18.5426,1.6622,1405.1594,14,1
45.17,856,18.5426,1.6622,1468.5791,14,1
45.68,853,18.3136,1.4747,1468.5791,14,1
45.69,850,10.6444,0.9475,1564.2213,14,1
46.53,846,13.8986,1.1671,1705.8706,14,1
46.53,846,13.8986,1.1671,1653.855,14,1
46.57,843,13.7807,1.2165,1653.855,14,1
46.57,840,21.0775,1.8919,1580.9006,14,1
46.57,840,21.0775,1.8919,1585.0956,14,1
47.44,836,19.6173,1.6334,1655.3628,14,1
47.45,833,18.3843,1.5959,1655.3628,14,1
47.45,833,18.3843,1.5959,1773.8033,14,1
47.83,829,19.3260,1.6423,1764.9304,14,1
47.88,827,11.9016,1.0307,1764.9304,14,1
47.89,824,18.1233,1.686,1648.9609,14,1
49.14,820,17.8086,1.5562,1703.5402,14,1
49.2,817,20.8943,1.7519,1771.5052,14,1
49.2,814,11.6426,1.2667,1912.4352,14,1
49.2,814,11.6426,1.2667,1987.082,14,1
49.94,812,22.1966,1.8937,1987.082,14,1
50.08,809,18.1255,1.5016,1837.7179,14,1
50.08,806,19.0639,1.6101,1665.9987,14,1
50.08,806,19.0639,1.6101,1584.4303,14,1
50.87,803,17.3191,1.4564,1584.4303,14,1
50.96,796,24.1027,2.0432,1837.4869,14,1
52.09,795,16.3863,1.6397,1976.4915,14,1
52.09,795,16.3863,1.6397,2039.5961,14,1
52.27,791,23.8502,1.9691,2069.2419,14,1
52.27,788,20.6922,1.7075,2091.2776,14,1
52.27,788,20.6922,1.7075,2091.8052,14,1
53.09,786,13.1418,0.9551,2091.8052,14,1
53.15,783,13.2257,1.0845,1997.1345,14,1
53.36,779,14.4805,1.1813,1858.532,14,1
54.42,776,18.3321,1.3648,1858.532,14,1
54.47,773,24.1740,1.9099,1887.3237,14,1
54.47,770,19.9001,1.5321,1916.5513,14,1
54.47,770,19.9001,1.5321,1932.8035,14,1
55.76,767,15.9389,1.1855,1932.8035,14,1
55.78,764,24.3182,1.9315,1953.2202,14,1
55.78,761,23.3832,1.8183,1987.0171,14,1
55.78,761,23.3832,1.8183,1990.4991,14,1
57.06,758,17.5639,1.3437,1991.4766,14,1
57.1,753,22.9681,1.8143,1991.8362,14,1
59.41,750,18.4314,1.2673,1992.0149,14,1
59.73,748,25.4119,1.9953,2023.5955,14,1
59.73,748,25.4119,1.9953,2074.5559,14,1
59.73,745,25.0284,1.9502,2074.5559,14,1
61.71,742,20.6808,1.5916,2093.1553,14,1
61.92,739,23.3679,1.8727,2135.9187,14,1
61.92,739,23.3679,1.8727,2189.2559,14,1
61.93,736,25.4866,1.9778,2226.9832,14,1
65.53,734,20.1609,1.5293,2226.9832,14,1
65.88,728,26.8417,2.0385,2277.7139,14,1
65.88,728,26.8417,2.0385,2293.855,14,1
68.57,725,24.7687,1.8863,2276.3938,14,1
68.94,722,18.9794,1.396,2269.0747,14,1
68.95,719,16.8471,1.2364,2239.0686,14,1
68.95,719,16.8471,1.2364,2220.3003,14,1
71.84,716,29.5128,2.2098,2220.3003,14,1
72.45,713,26.0779,1.9471,2205.0398,14,1
72.46,710,20.9501,1.6106,2188.4961,14,1
76.13,706,20.1128,1.487,2204.1108,14,1
76.41,703,27.9825,2.06,2300.3196,14,1
76.41,703,27.9825,2.06,2300.3196,14,1
77.31,700,28.4861,2.083,2419.4985,14,1
81.92,698,25.1372,1.8256,2412.4338,14,1
82.11,695,25.0929,1.9172,2385.0581,14,1
82.11,692,29.6796,2.1636,2347.5339,14,1
82.11,692,29.6796,2.1636,2353.1396,14,1
89.25,689,27.9475,2.0165,2353.1396,14,1
89.57,686,26.8637,1.8987,2428.5466,14,1
89.57,683,30.7265,2.3294,2464.5723,14,1
97.13,681,29.2740,2.0626,2464.2498,14,1
97.47,678,27.8724,1.9914,2464.2498,14,1
99.27,674,22.6980,1.558,2463.1475,14,1
99.27,674,22.6980,1.558,2482.6062,14,1
105.75,671,21.0903,1.5412,2482.6062,14,1
105.81,667,30.1408,2.1079,2540.5813,14,1
105.81,667,30.1408,2.1079,2608.2405,14,1
110.65,665,32.4387,2.259,2608.2405,14,1
114.53,662,25.9018,1.7956,2591.2966,14,1
114.58,659,25.3973,1.7971,2518.4446,14,1
121.22,656,32.4564,2.2685,2518.4446,14,1
123.75,653,33.9246,2.273,2555.7434,14,1
123.8,650,25.1833,1.7624,2626.1348,14,1
123.8,650,25.1833,1.7624,2691.9585,14,1
131.17,647,32.5065,2.1555,2691.9585,14,1
132.97,644,33.4845,2.245,2714.9319,14,1
133.01,642,28.2763,1.8661,2739.0649,14,1
139.36,639,32.7719,2.125,2752.8984,14,1
142.98,637,35.4293,2.3772,2751.7266,14,1
143.1,637,34.2232,2.2637,2745.4893,14,1
143.1,633,34.2232,2.2637,2743.2737,14,1
151.05,630,31.5366,2.0479,2743.2737,14,1
152.72,627,26.3623,1.7309,2773.4011,14,1
152.76,624,37.2192,2.4321,2807.5876,14,1
152.76,624,37.2192,2.4321,2831.3877,14,1
162.76,621,35.7905,2.3105,2831.3877,14,1
164.57,618,32.3706,1.9324,2883.644,14,1
164.61,616,38.8761,2.5827,2941.3203,14,1
176.74,612,38.5669,2.4455,3003.7166,14,1
177.75,609,36.4698,2.3258,3018.7551,14,1
177.77,607,41.9056,2.6768,3080.252,14,1
191.38,606,40.5835,2.5529,3124.4126,14,1
191.38,606,40.5835,2.5529,3171.1433,14,1
192.64,605,42.7129,2.7085,3171.1433,14,1
192.69,604,43.2937,2.7452,3226.5461,14,1
206.69,604,42.8432,2.7037,3263.3748,14,1
206.69,604,42.8432,2.7037,3264.8726,14,1
208.93,604,44.5849,2.8002,3265.3313,14,1
225.96,604,44.2050,2.7901,3267.5828,14,1
229.05,603,41.6551,2.6217,3303.2937,14,1
229.11,603,43.8386,2.7608,3333.2375,14,1
229.11,603,43.8386,2.7608,3333.2375,14,1
237.91,603,44.4380,2.8248,3361.1003,14,1
247.48,603,46.5704,2.9904,3380.6025,14,1
247.48,603,46.5704,2.9904,3390.2993,14,1
247.54,603,46.0579,2.9238,3409.8171,14,1
263.29,602,45.8860,2.8927,3421.2615,14,1
263.34,602,47.1412,3.0175,3441.5964,14,1
263.34,602,47.1412,3.0175,3464.9033,14,1
276.4,602,46.0132,2.9614,3464.9033,14,1
277.33,602,49.1091,3.0959,3486.6152,14,1
277.38,602,50.1886,3.164,3528.6621,14,1
277.38,602,50.1886,3.164,3537.135,14,1
287.08,602,50.3381,3.1734,3561.5889,14,1
291.27,602,47.3766,2.9974,3595.3831,14,1
291.42,601,51.1261,3.2105,3642.7021,14,1
306.3,601,52.6914,3.3162,3667.5217,14,1
306.3,601,52.6914,3.3162,3729.55,14,1
306.77,601,54.0826,3.3688,3775.1599,14,1
309.2,601,51.3070,3.2291,3820.0847,14,1
321.71,600,53.3304,3.3311,3820.0847,14,1
322.12,600,53.8723,3.3829,3863.0449,14,1
322.14,600,55.1186,3.4632,3915.3501,14,1
322.14,600,55.1186,3.4632,3951.9309,14,1
337.32,600,56.3866,3.502,3951.9309,14,1
337.92,600,54.4408,3.4122,3969.4155,14,1
337.93,600,55.1726,3.4666,4001.9917,14,1
349.74,600,56.6428,3.559,4002.7468,14,1
350.21,600,55.5365,3.4758,4005.8625,14,1
350.22,600,57.1588,3.5914,4008.199,14,1
350.22,600,57.1588,3.5914,4015.1333,14,1
361.75,600,57.5617,3.6167,4015.1333,14,1
362.49,600,58.3921,3.6915,4034.51,14,1
363.19,600,58.6242,3.6834,4061.9797,14,1
363.19,600,58.6242,3.6834,4079.4998,14,1
376.11,600,61.5192,3.8628,4107.0229,14,1
376.11,600,61.5192,3.8628,4135.1558,14,1
387.96,600,61.0597,3.8496,4135.1558,14,1
387.96,600,61.0597,3.8496,4163.501,14,1
390.12,600,60.9433,3.8292,4199.0278,14,1
390.15,600,62.0178,3.8862,4199.0278,14,1
390.15,600,62.0178,3.8862,4225.8677,14,1
403.06,600,64.2925,4.0378,4264.8257,14,1
403.31,600,66.1452,4.1307,4264.8257,14,1
403.31,600,64.3215,3.9935,4335.1553,14,1
415.69,600,65.5037,4.1223,4366.1504,14,1
416.03,599,65.6576,4.1185,4366.1504,14,1
416.04,599,66.5349,4.1593,4398.4854,14,1
427.99,599,67.3705,4.2401,4424.166,14,1
427.99,599,67.3705,4.2401,4483.4556,14,1
428.31,599,68.7362,4.304,4483.4556,14,1
428.33,599,70.4395,4.4134,4545.7363,14,1
439.46,599,69.7882,4.384,4575.8921,14,1
439.46,599,69.7882,4.384,4620,14,1
440.9,599,69.9344,4.411,4666.0571,14,1
450.75,600,71.2489,4.4754,4694.2861,14,1
450.75,600,71.2489,4.4754,4750.4751,14,1
451.13,599,71.6743,4.4757,4809.043,14,1
451.14,599,71.8569,4.48,4809.043,14,1
461.35,599,72.1761,4.5387,4835.2373,14,1
461.67,599,72.2015,4.4935,4866.7935,14,1
461.67,599,72.2015,4.4935,4899.3198,14,1
461.67,600,74.9040,4.6951,4899.3198,14,1
472.31,600,74.3759,4.65,4912.6431,14,1
472.63,600,74.3759,4.65,5019.9399,14,1
472.64,600,76.5570,4.7869,5019.9399,14,1
482.66,600,75.6217,4.7497,5052.9697,14,1
483.16,600,76.1302,4.7815,5096.083,14,1
483.18,600,77.3737,4.8615,5142.7935,14,1
483.18,600,77.3737,4.8615,5142.7935,14,1
493.3,600,76.4814,4.8237,5171.5132,14,2
493.7,600,74.8978,4.706,5219.3877,14,2
493.7,600,74.8978,4.706,5257.7671,14,2
502.99,600,70.5463,4.4252,5285.5708,14,2
503.35,600,69.3345,4.3575,5259.2383,14,2
503.36,600,66.7750,4.1956,5219.7983,14,2
503.36,600,66.7750,4.1956,5187.2051,14,2
507.2,601,68.1861,4.2701,5187.2051,14,2
507.31,601,63.9620,4.016,5044.3115,14,2
507.31,601,63.9620,4.016,4925.3979,14,2
506.05,601,66.4682,4.1574,4795.1318,14,2
504.7,601,63.9349,4.0416,4708.8726,14,2
504.68,601,64.7494,4.0813,4708.8726,14,2
504.05,601,63.2116,3.9763,4586.4985,14,2
500.8,601,60.8900,3.8505,4498.4473,14,2
500.73,601,62.2776,3.9419,4498.4473,14,2
500.73,601,62.2776,3.9419,4405.0991,14,2
498.52,601,59.7812,3.7607,4332.6997,14,2
497.24,601,60.8270,3.8283,4332.6997,14,2
497.24,601,60.8270,3.8283,4258.2324,14,2
497.22,600,61.6113,3.8453,4213.1953,14,2
493.7,601,57.9790,3.6826,4213.1953,14,2
493.27,600,59.3327,3.7423,4099.9766,14,2
493.27,600,59.6373,3.7471,4099.9766,14,2
493.27,600,59.6373,3.7471,4058.3972,14,2
490.23,600,59.3029,3.709,4031.896,14,2
490.2,600,57.7076,3.6259,4011.697,14,2
489.78,600,58.2772,3.6617,4011.697,14,2
487.66,600,59.2871,3.7473,3993.7537,14,2
487.66,600,59.2871,3.7473,3958.6545,14,2
487.56,600,57.1729,3.5923,3930.6516,14,2
487.15,600,57.6013,3.6108,3897.6426,14,2
484.96,600,57.6013,3.6108,3868.3198,14,2
484.93,600,57.4202,3.6078,3837.9167,14,2
483.48,600,58.8774,3.6994,3837.9167,14,2
483.48,600,58.8774,3.6994,3821.9819,14,2
482.75,600,56.8088,3.5694,3817.6611,14,2
482.74,600,58.6495,3.6764,3817.6611,14,2
480.36,600,55.4792,3.4631,3814.5808,14,2
480.36,600,55.4792,3.4631,3798.5408,14,2
480.11,600,58.1118,3.6749,3798.5408,14,2
480.1,600,55.9203,3.4978,3762.3582,14,2
477.22,600,55.8014,3.526,3751.3904,14,2
477.03,600,56.2059,3.528,3751.3904,14,2
477.03,600,56.2059,3.528,3743.1399,14,2
477.03,600,53.9809,3.3771,3727.4407,14,2
473.99,600,54.2197,3.405,3727.4407,14,2
473.99,600,54.2197,3.405,3700.5713,14,2
473.96,600,54.7298,3.4042,3672.6323,14,2
471.99,600,55.4554,3.49,3672.6323,14,2
471.33,600,52.8165,3.318,3661.0334,14,2
471.33,600,52.8165,3.318,3654.707,14,2
470.86,600,55.5166,3.4474,3654.707,14,2
469.15,600,55.4193,3.4821,3647.2019,14,2
469.15,600,55.4193,3.4821,3628.365,14,2
469.13,600,54.3931,3.4335,3609.1594,14,2
467.77,600,54.0985,3.3854,3609.1594,14,2
467.39,600,50.4859,3.1917,3597.6438,14,2
467.38,600,52.8537,3.3123,3578.1948,14,2
467.38,600,52.8537,3.3123,3563.5178,14,2
466.36,600,52.9688,3.3298,3549.3938,14,2
466.06,600,53.1470,3.3462,3540.2864,14,2
466.06,600,53.1470,3.3462,3528.1382,14,2
465.36,600,52.0741,3.2571,3519.9648,14,2
465.19,600,53.4208,3.3101,3519.9648,14,2
465.19,600,54.1398,3.4017,3510.1321,14,2
464.55,600,52.4485,3.2979,3496.9609,14,2
464.55,600,52.4485,3.2979,3493.3552,14,2
464.31,600,51.6978,3.2776,3493.3552,14,2
464.31,600,53.0961,3.286,3492.5112,14,2
464,600,51.1677,3.215,3482.3208,14,2
463.87,600,51.3588,3.2338,3482.3208,14,2
463.87,600,52.6397,3.2918,3469.532,14,2
463.5,600,53.5282,3.3541,3452.292,14,2
463.5,600,53.5282,3.3541,3459.8936,14,2
463.43,600,53.4825,3.3543,3472.5376,14,2
463.43,600,51.4502,3.2279,3472.5376,14,2
463.43,600,51.7345,3.2506,3485.3057,14,2
463.43,600,51.7345,3.2506,3488.0681,14,2
463.43,600,51.7739,3.2457,3483.5142,14,2
463.09,600,52.4045,3.2927,3480.0186,14,2
462.99,600,51.7400,3.2804,3479.7104,14,2
462.99,600,51.7400,3.2804,3480.1494,14,2
462.99,600,51.4611,3.2334,3480.1494,14,2
462.99,600,52.1408,3.2761,3480.5002,14,2
462.99,600,51.7125,3.2513,3478.9839,14,2
462.99,600,51.7125,3.2513,3477.0017,14,2
462.99,600,52.1187,3.2773,3477.0017,14,2
462.99,600,50.4837,3.1925,3474.3384,14,2
462.99,600,51.0667,3.2074,3474.9392,14,2
462.99,600,51.4929,3.2287,3478.3345,14,2
462.99,600,51.8456,3.2217,3478.3345,14,2
462.99,600,54.5080,3.3855,3478.4424,14,2
462.99,600,51.0356,3.2049,3477.3926,14,2
462.99,600,51.0356,3.2049,3476.5784,14,2
462.69,600,50.3155,3.1524,3476.5784,14,2
462.55,600,52.9555,3.3273,3464.6477,14,2
462.55,600,50.0643,3.1456,3448.873,14,2
462.55,600,50.0643,3.1456,3427.6155,14,2
462.55,600,51.1927,3.195,3421.4866,14,2
462.55,600,51.9280,3.2376,3419.6062,14,2
462.55,600,51.9280,3.2376,3417.1826,14,2
462.55,600,50.2655,3.1583,3417.1826,14,2
462.55,600,51.2075,3.2128,3407.1411,14,2
462.55,600,51.3521,3.1868,3397.4023,14,2
462.55,600,51.3521,3.1868,3385.3831,14,2
462.15,600,48.7448,3.0998,3385.3831,14,2
462.11,600,50.9379,3.2036,3386.259,14,2
462.11,600,52.3144,3.2907,3389.0339,14,2
460.88,600,51.9879,3.2665,3391.0427,14,2
460.8,600,49.9029,3.1723,3376.4497,14,2
460.8,600,49.3926,3.1226,3361.7515,14,2
460.8,600,49.3926,3.1226,3344.1145,14,2
460.4,600,50.0867,3.14,3348.5017,14,2
460.36,600,49.8356,3.117,3348.5017,14,2
460.36,600,50.7642,3.1858,3357.7441,14,2
460.36,600,50.8842,3.1989,3364.3848,14,2
460.36,600,50.8842,3.1989,3372.2588,14,2
460.36,600,50.0483,3.1334,3384.0425,14,2
460.74,600,50.3887,3.1663,3392.9075,14,2
460.74,600,50.3887,3.1663,3394.7063,14,2
460.8,600,48.8622,3.0669,3394.7063,14,2
460.8,600,50.4100,3.1674,3394.3562,14,2
460.8,600,49.6830,3.1217,3393.8821,14,2
460.8,600,49.6830,3.1217,3397.843,14,2
460.8,600,49.5715,3.1251,3397.843,14,2
460.8,600,49.2923,3.0971,3401.5315,14,2
460.8,600,50.5239,3.1745,3405.5686,14,2
460.8,600,50.0594,3.1453,3399.8882,14,2
460.8,600,49.0897,3.0713,3399.8882,14,2
460.8,600,51.0320,3.2396,3397.4954,14,2
460.8,600,51.0320,3.2396,3406.6545,14,2
460.8,600,47.6433,2.9968,3406.6545,14,2
460.8,600,49.3829,3.0716,3418.2188,14,2
461.22,600,49.2259,3.1001,3419.9604,14,2
461.22,600,49.2259,3.1001,3404.7595,14,2
461.24,600,49.1972,3.0912,3404.7595,14,2
461.24,600,50.6265,3.138,3383.3845,14,2
461.24,600,49.9413,3.126,3369.1758,14,2
461.24,600,49.0600,3.086,3369.1758,14,2
461.24,600,48.0018,3.0313,3366.8428,14,2
461.24,600,48.8415,3.0753,3361.2168,14,2
461.24,600,48.8415,3.0753,3350.8188,14,2
461.24,600,49.7587,3.1225,3336.376,14,2
461.19,600,49.5626,3.1222,3336.376,14,2
461.19,600,49.5626,3.1222,3329.1316,14,2
460.8,600,48.4219,3.0415,3328.0991,14,2
461.09,600,49.5845,3.0907,3327.6824,14,2
461.09,600,49.5845,3.0907,3323.4668,14,2
461.23,600,47.9695,3.0501,3317.7175,14,2
461.24,600,49.0722,3.0397,3311.8945,14,2
461.24,600,47.6132,3.024,3311.8945,14,2
461.24,600,50.2084,3.1547,3306.4214,14,2
461.24,600,50.2084,3.1547,3298.6682,14,2
461.24,600,48.8767,3.0987,3298.6682,14,2
461.24,600,49.3879,3.0955,3290.8943,14,2
461.24,600,47.6003,2.9908,3299.2581,14,2
461.24,600,49.3708,3.1055,3309.8894,14,2
461.24,600,49.3708,3.1055,3320.5779,14,2
461.24,600,48.3146,3.0505,3322.0012,14,2
461.24,600,49.1001,3.1145,3322.0012,14,2
461.24,600,47.7227,2.9837,3316.04,14,2
461.24,600,47.7227,2.9837,3312.3945,14,2
461.24,600,48.7594,3.0774,3314.4966,14,2
461.24,600,48.9249,3.12,3318.3489,14,2
461.24,600,47.2423,2.9826,3323.5732,14,2
461.63,600,47.2999,2.9719,3323.3162,14,2
461.67,600,48.5165,3.0227,3323.3162,14,2
461.67,600,48.5165,3.0227,3321.1365,14,2
461.67,600,49.0083,3.0793,3320.4912,14,2
461.67,600,47.2563,2.9692,3330.8789,14,2
461.67,600,47.6866,2.9665,3330.8789,14,2
461.67,600,49.2222,3.1168,3346.3914,14,2
461.67,600,49.2222,3.1168,3355.3494,14,2
461.67,600,48.6197,3.0549,3355.3494,14,2
461.67,600,49.2580,3.1155,3341.6809,14,2
461.67,600,50.4772,3.1716,3315.1287,14,2
461.67,600,50.4772,3.1716,3315.1287,14,2
461.67,600,49.0948,3.0857,3304.9272,14,2
461.67,600,49.4087,3.0663,3291.2192,14,2
461.67,600,49.4087,3.0663,3284.9587,14,2
461.67,600,47.8569,3.0069,3284.9587,14,2
461.67,600,48.4051,3.0843,3278.7571,14,2
461.67,600,48.6795,3.0607,3274.1443,14,2
461.67,600,48.0664,3.012,3266.5823,14,2
461.67,600,50.1219,3.1511,3258.9844,14,2
461.67,600,46.9059,2.965,3251.3262,14,2
461.67,600,46.9059,2.965,3245.405,14,2
461.67,600,47.5193,2.9736,3243.9294,14,2
461.67,600,47.1460,2.9623,3243.9294,14,2
461.67,600,47.1460,2.9623,3241.6033,14,2
461.67,600,49.3258,3.1402,3231.1082,14,2
461.67,600,47.8265,3.005,3231.1082,14,2
461.67,600,46.6460,2.9309,3209.887,14,2
461.25,600,46.8246,2.9421,3189.5945,14,2
461.24,600,46.7230,2.9559,3196.512,14,2
461.24,600,46.7230,2.9559,3204.3149,14,2
461.24,600,47.9293,3.0396,3212.1655,14,2
461.24,600,47.1340,2.9615,3214.2251,14,2
461.24,600,46.4890,2.9252,3214.2251,14,2
461.24,600,46.4890,2.9252,3214.7405,14,2
461.24,600,47.6448,2.9936,3216.0522,14,2
461.24,600,47.7472,2.9733,3216.0522,14,2
461.24,600,47.3580,2.9462,3221.478,14,2
461.21,600,45.4093,2.8623,3227.3513,14,2
460.81,600,48.5174,3.0819,3230.5076,14,2
460.8,600,47.7295,2.991,3226.2332,14,2
460.8,600,46.8066,2.9164,3221.9243,14,2
460.4,600,46.5217,2.9084,3221.9243,14,2
460.36,600,46.7528,2.9773,3224.8413,14,2
460.36,600,46.7528,2.9773,3237.165,14,2
460.36,600,46.9003,2.9524,3237.165,14,2
459.96,600,47.3186,2.9736,3244.2771,14,2
459.92,600,46.0807,2.9075,3244.7546,14,2
459.92,600,48.3491,3.0379,3244.1282,14,2
459.52,600,47.7996,3.0021,3242.4932,14,2
459.48,600,45.8936,2.8778,3228.8162,14,2
459.48,600,45.8936,2.8778,3207.3611,14,2
459.48,600,46.5823,2.9117,3207.3611,14,2
459.07,600,46.1609,2.9004,3189.9395,14,2
459.04,600,46.0533,2.8677,3187.2751,14,2
459.04,600,46.0533,2.8677,3184.5046,14,2
459.04,600,44.8975,2.8175,3182.0991,14,2
458.18,600,47.5744,2.904,3182.0991,14,2
458.16,600,45.5445,2.8548,3158.3833,14,2
457.95,600,48.9608,3.0475,3158.3833,14,2
457.95,600,48.9608,3.0475,3146.6423,14,2
457.73,600,45.4181,2.8537,3141.6926,14,2
457.73,600,45.9057,2.8723,3141.6926,14,2
457.42,600,45.5743,2.8684,3137.9563,14,2
457.42,600,45.5743,2.8684,3128.5476,14,2
457.29,600,45.5313,2.8486,3107.9736,14,2
457.29,600,47.0933,2.959,3107.9736,14,2
457,600,44.7444,2.8101,3092.3201,14,2
456.85,600,46.1881,2.9137,3089.8274,14,2
456.85,600,46.9368,2.9491,3089.8274,14,2
456.54,600,45.8802,2.8827,3092.3369,14,2
456.54,600,45.8802,2.8827,3094.0693,14,2
456.41,600,45.0691,2.8525,3094.0693,14,2
456.41,600,44.8247,2.8164,3096.6592,14,2
456.41,600,46.9635,2.9508,3098.1858,14,2
456.41,600,46.9635,2.9508,3099.5959,14,2
456.41,600,47.3748,2.9767,3100.8357,14,2
456.41,600,47.0009,2.9655,3102.0767,14,2
456.41,600,46.5933,2.9228,3107.7312,14,2
456.41,600,46.5933,2.9228,3115.8115,14,2
456.41,600,46.6755,2.8966,3115.8115,14,2
456.41,600,45.5181,2.861,3121.7988,14,2
456.41,600,45.5181,2.861,3126.8704,14,2
456.41,600,45.3129,2.8574,3132.0725,14,2
456.41,600,46.3452,2.8957,3132.0725,14,2
456.82,600,45.6171,2.8954,3136.0684,14,2
456.85,600,46.7349,2.9337,3175.877,14,2
456.85,600,46.3084,2.8999,3175.877,14,2
457.27,600,46.1108,2.8972,3194.3345,14,2
457.27,600,46.1108,2.8972,3182.5452,14,2
457.29,600,45.4164,2.8541,3172.0417,14,2
457.29,600,47.1588,2.9631,3172.0417,14,2
457.72,600,46.1617,2.928,3162.7224,14,2
457.72,600,46.1617,2.928,3162.7031,14,2
457.73,600,46.4163,2.9649,3162.7031,14,2
457.73,600,46.4163,2.9649,3164.136,14,2
458.16,600,45.4460,2.8707,3159.2734,14,2
458.16,600,46.1007,2.9074,3159.2734,14,2
458.16,600,45.4796,2.8623,3154.408,14,2
458.16,600,45.7347,2.8588,3152.9319,14,2
458.16,600,45.7347,2.8588,3152.8369,14,2
458.16,600,45.3739,2.8443,3152.8369,14,2
458.16,600,47.4643,2.9787,3152.8088,14,2
458.16,600,46.8307,2.9436,3146.9114,14,2
458.16,600,46.8307,2.9436,3136.6428,14,2
458.16,600,49.1741,3.0897,3136.6428,14,2
458.16,600,47.5022,2.9771,3113.0308,14,2
458.16,600,47.5022,2.9771,3106.2126,14,2
458.16,600,47.1256,2.947,3106.2126,14,2
458.16,600,46.0330,2.93,3097.1072,14,2
458.16,600,47.3647,2.9714,3100.7876,14,2
458.16,600,47.3647,2.9714,3113.7717,14,2
458.16,600,45.8363,2.88,3113.7717,14,2
458.16,600,46.8817,2.9457,3123.7102,14,2
458.16,600,46.2151,2.9038,3129.4441,14,2
458.16,600,46.3928,2.9184,3131.824,14,2
458.16,600,46.8227,2.9509,3133.5745,14,2
458.16,600,46.2798,2.9079,3138.5571,14,2
458.16,600,46.2798,2.9079,3145.0591,14,2
458.16,600,47.2334,2.9678,3145.0591,14,2
458.16,600,44.0632,2.7673,3149.6958,14,2
458.16,600,46.4784,2.9203,3144.0557,14,2
458.16,600,46.4784,2.9203,3138.2639,14,2
458.16,600,45.3984,2.8389,3138.2639,14,2
457.79,600,46.4237,2.9169,3131.9658,14,2
457.73,600,46.7071,2.9341,3153.6738,14,2
457.73,600,44.5813,2.8046,3153.6738,14,2
457.73,600,46.1463,2.8977,3163.2996,14,2
457.73,600,46.9703,2.9662,3165.2185,14,2
457.73,600,46.9703,2.9662,3165.7319,14,2
457.73,600,46.8291,2.9447,3165.7319,14,2
457.31,600,46.4653,2.9149,3165.636,14,2
457.29,600,44.5029,2.7952,3161.8096,14,2
457.29,600,44.5222,2.7974,3155.9265,14,2
457.29,600,44.1345,2.774,3151.8555,14,2
457.29,600,46.4294,2.9133,3147.8374,14,2
457.29,600,46.0125,2.8911,3144.8335,14,2
457.29,600,46.0125,2.8911,3140.9146,14,2
457.69,600,47.1196,2.9586,3140.9146,14,2
457.72,600,48.2716,3.033,3136.1187,14,2
457.73,600,46.5472,2.9569,3129.1824,14,2
457.73,600,46.5472,2.9569,3123.1411,14,2
457.33,600,46.3047,2.906,3123.1411,14,2
457.29,600,47.4672,2.9695,3110.3975,14,2
457.29,600,47.4672,2.9695,3104.8833,14,2
457.71,600,48.5225,3.0488,3104.8833,14,2
457.73,600,47.0858,2.9608,3089.3484,14,2
457.73,600,49.0693,3.0831,3076.5969,14,2
457.73,600,49.0693,3.0831,3064.6499,14,2
458.15,600,46.8930,2.9464,3064.6499,14,2
458.16,600,47.4299,2.9892,3075.0146,14,2
458.16,600,46.5090,2.9223,3083.9963,14,2
458.16,600,46.5090,2.9223,3093.199,14,2
458.59,600,46.3256,2.9266,3097.6604,14,2
458.6,600,47.6808,2.9826,3102.0625,14,2
458.6,600,47.6808,2.9826,3106.9167,14,2
459.47,600,48.2240,3.03,3106.9167,14,2
459.48,600,47.3849,2.985,3119.1499,14,2
459.53,600,45.2620,2.8439,3128.5974,14,2
459.53,600,45.2620,2.8439,3135.2727,14,2
459.91,600,47.6341,3.0035,3135.2727,14,2
459.92,600,46.1338,2.8893,3135.8699,14,2
460.22,600,46.3419,2.8964,3136.2222,14,2
460.79,600,47.1806,2.9513,3140.2151,14,2
460.8,600,45.9818,2.8891,3150.3892,14,2
460.56,600,46.7562,2.949,3160.8281,14,2
460.56,600,46.7562,2.949,3167.8933,14,2
460.36,600,46.5861,2.9184,3167.8933,14,2
460.36,600,44.9186,2.8064,3180.1641,14,2
460.36,600,44.9186,2.8064,3192.0422,14,2
460.36,600,48.8465,3.0658,3192.0422,14,2
460.36,600,45.8052,2.8994,3189.1279,14,2
460.36,600,46.2033,2.903,3181.3965,14,2
460.36,600,44.8613,2.8187,3175.4993,14,2
460.36,600,45.9358,2.8708,3174.6875,14,2
460.36,600,46.1800,2.9031,3176.4448,14,2
460.36,600,46.1800,2.9031,3177.7898,14,2
459.95,600,45.6250,2.8584,3167.856,14,2
459.92,600,46.6552,2.9255,3167.856,14,2
459.92,600,43.8146,2.7547,3157.2209,14,2
458.71,600,46.3377,2.9178,3143.7349,14,2
458.61,600,44.6291,2.8192,3138.3228,14,2
458.6,600,47.6959,2.9968,3134.5088,14,2
457.8,600,46.4130,2.9165,3130.6987,14,2
457.8,600,46.4130,2.9165,3111.8311,14,2
457.73,600,47.8440,2.9996,3111.8311,14,2
457.73,600,47.8440,2.9996,3086.1233,14,2
457.73,600,46.7142,2.9418,3068.1577,14,2
457.73,600,46.9511,2.95,3063.595,14,2
457.73,600,46.9511,2.95,3063.595,14,2
457.73,600,45.4115,2.8574,3061.9341,14,2
458.05,600,46.0450,2.8934,3062.4563,14,2
458.16,600,46.0450,2.8934,3064.7705,14,2
458.16,600,48.0856,3.0213,3064.7705,14,2
458.56,600,46.3773,2.914,3067.5156,14,2
458.56,600,46.3773,2.914,3069.4553,14,2
458.6,600,47.5432,2.9562,3072.3149,14,2
458.67,600,48.0987,3.01,3072.3149,14,2
458.67,600,48.0987,3.01,3074.3501,14,2
459.03,600,46.6810,2.9331,3074.9863,14,2
459.16,600,47.5782,2.9894,3075.3635,14,2
459.47,600,47.1686,2.9758,3075.6853,14,2
459.47,600,47.1686,2.9758,3079.6321,14,2
459.48,600,47.8062,2.9816,3085.9614,14,2
459.48,600,47.9639,3.0376,3093.2014,14,2
460.33,600,46.9899,2.9266,3093.2014,14,2
460.33,600,46.9899,2.9266,3119.1882,14,2
460.36,600,48.9354,3.0747,3140.3958,14,2
460.55,600,48.2549,3.0244,3140.3958,14,2
461.23,600,47.3625,2.9875,3163.1414,14,2
461.24,600,47.6992,2.9866,3167.1047,14,2
461.24,600,47.6992,2.9866,3170.8376,14,2
462.07,600,48.4634,3.045,3175.0586,14,2
462.11,600,47.7672,3.0066,3175.0586,14,2
462.11,600,47.7672,3.0066,3180.7871,14,2
462.42,600,48.1462,3.0066,3185.1072,14,2
462.42,600,48.1462,3.0066,3179.3706,14,2
462.55,600,47.8765,2.9866,3171.7981,14,2
462.55,600,47.8164,2.9993,3171.7981,14,2
462.55,600,47.2627,2.9763,3160.4302,14,2
462.55,600,47.7107,3.0042,3159.9187,14,2
462.55,600,48.0817,3.0208,3159.9187,14,2
462.13,600,48.1613,3.0186,3159.5737,14,2
462.13,600,48.1613,3.0186,3153.7075,14,2
462.11,600,47.7867,2.961,3144.3369,14,2
462.11,600,45.8785,2.8641,3144.3369,14,2
461.7,600,49.2796,3.0963,3137.262,14,2
461.7,600,49.2796,3.0963,3131.2839,14,2
461.67,600,48.4787,3.0302,3121.4307,14,2
460.82,600,46.6451,2.9308,3112.0564,14,2
460.82,600,46.6451,2.9308,3110.895,14,2
460.8,600,49.8101,3.1014,3110.614,14,2
460.8,600,49.8101,3.1014,3110.614,14,2
460.38,600,47.8207,3.0047,3109.0176,14,2
460.38,600,47.8207,3.0047,3101.9587,14,2
460.36,600,46.3517,2.941,3091.75,14,2
460.36,600,48.3609,3.026,3091.75,14,2
460.36,600,46.8288,2.9445,3090.8354,14,2
460.36,600,46.8288,2.9445,3095.604,14,2
460.36,600,49.4445,3.1067,3095.604,14,2
460.77,600,47.5222,2.9859,3100.4346,14,2
460.8,600,48.6899,3.11,3099.9963,14,2
460.8,600,48.6899,3.11,3098.9961,14,2
460.8,600,49.6147,3.0736,3098.9961,14,2
461.64,600,50.3565,3.1204,3103.0532,14,2
461.67,600,48.8419,3.0572,3127.6802,14,2
461.67,600,48.8214,3.068,3147.2307,14,2
462.1,600,48.1875,3.0192,3164.0466,14,2
462.11,600,49.8484,3.1318,3168.6948,14,2
462.11,600,49.8484,3.1318,3172.0037,14,2
462.25,600,48.9084,3.073,3174.229,14,2
462.97,600,49.3202,3.1329,3174.229,14,2
462.99,600,48.6266,3.0553,3173.7859,14,2
462.99,600,49.8798,3.134,3173.2725,14,2
462.99,600,49.8798,3.134,3174.1365,14,2
463.85,600,48.6932,3.0745,3174.1365,14,2
463.87,600,47.3191,2.9646,3186.0039,14,2
463.87,600,47.3191,2.9646,3190.5176,14,2
463.87,600,47.8869,2.9984,3190.5176,14,2
463.87,600,48.0814,3.0211,3191.9912,14,2
463.87,600,48.3248,3.0363,3193.0498,14,2
463.87,600,48.3248,3.0363,3193.0498,14,2
463.87,600,47.6811,3.0124,3192.334,14,2
463.87,600,48.0124,2.9876,3188.0142,14,2
463.55,600,49.4993,3.1101,3184.6775,14,2
463.43,600,47.6467,2.9949,3175.8069,14,2
463.43,600,49.8295,3.1309,3163.3315,14,2
463.43,600,49.8295,3.1309,3146.4111,14,2
463.19,600,48.5171,3.0317,3142.7524,14,2
463,600,48.7646,3.0675,3142.7524,14,2
462.99,600,50.0326,3.1437,3148.8918,14,2
462.72,600,47.2658,2.9693,3153.8125,14,2
462.72,600,47.2658,2.9693,3153.002,14,2
462.56,600,48.1279,3.0163,3153.002,14,2
462.55,600,49.2869,3.0721,3137.1316,14,2
462.55,600,48.3146,3.0357,3140.0447,14,2
462.55,600,48.9557,3.106,3140.0447,14,2
462.55,600,48.5472,3.0483,3144.8723,14,2
462.89,600,50.2960,3.1669,3151.4087,14,2
462.89,600,50.2960,3.1669,3146.1672,14,2
462.99,600,49.1472,3.0879,3146.1672,14,2
462.99,600,48.6745,3.0675,3136.3865,14,2
463.4,600,49.2221,3.0712,3123.0991,14,2
463.43,600,46.9980,2.9098,3125.9841,14,2
463.43,600,48.4531,3.0349,3146.9482,14,2
463.43,600,48.4531,3.0349,3159.7961,14,2
463.83,600,49.7824,3.1113,3172.2666,14,2
463.87,600,49.0185,3.0799,3188.2769,14,2
463.87,600,49.6624,3.1204,3204.3938,14,2
463.87,600,50.6213,3.171,3218.2622,14,2
463.87,600,48.9681,3.0656,3218.2622,14,2
463.87,600,48.7494,3.1009,3228.8049,14,2
464,600,50.1486,3.0998,3239.1614,14,2
465.13,600,49.6097,3.1171,3252.1633,14,2
465.18,600,50.0307,3.1435,3261.0464,14,2
465.18,600,50.0307,3.1435,3273.0122,14,2
466.05,600,48.8987,3.0552,3279.5149,14,2
466.49,600,49.2168,3.0645,3279.5149,14,2
466.49,600,49.2168,3.0645,3274.2654,14,2
466.5,600,48.8638,3.09,3269.2319,14,2
467.3,600,48.8409,3.036,3269.2319,14,2
467.3,600,48.8409,3.036,3267.3706,14,2
467.38,600,48.0236,3.0003,3265.9136,14,2
467.14,600,49.0914,3.0731,3265.9136,14,2
466.94,600,47.5400,2.984,3252.6487,14,2
466.94,600,47.5400,2.984,3238.4736,14,2
466.94,600,49.1086,3.104,3224.2319,14,2
466.6,600,49.4075,3.1098,3224.2319,14,2
466.5,600,48.4658,3.0451,3217.5969,14,2
466.5,600,49.9061,3.1357,3216.572,14,2
466.5,600,49.9061,3.1357,3215.2888,14,2
466.07,600,48.5980,3.0529,3210.5527,14,2
466.06,600,50.3622,3.1644,3201.9321,14,2
466.06,600,50.3622,3.1644,3195.4175,14,2
466.06,600,50.0544,3.145,3193.4104,14,2
466.06,600,49.3737,3.1022,3193.4104,14,2
466.06,600,50.8034,3.176,3193.2083,14,2
466.4,600,49.4690,3.1144,3193.082,14,2
466.4,600,49.4690,3.1144,3192.8325,14,2
466.5,600,51.7042,3.2664,3192.8325,14,2
466.5,600,52.7970,3.3097,3192.4209,14,2
467.27,600,52.3283,3.2882,3196.3364,14,2
467.38,600,50.1951,3.1516,3196.3364,14,2
467.38,600,49.6123,3.1236,3200.8735,14,2
468.15,600,51.8631,3.2731,3207.0449,14,2
468.15,600,51.8631,3.2731,3228.2849,14,2
468.25,600,51.3928,3.2382,3261.6641,14,2
468.26,600,50.9646,3.1997,3261.6641,14,2
469.7,600,50.9787,3.2032,3286.3999,14,2
470.01,600,51.7895,3.2534,3297.1345,14,2
470.01,600,51.3973,3.2289,3309.2104,14,2
471.1,600,51.7156,3.2494,3318.2075,14,2
471.32,600,50.3878,3.2169,3330.3628,14,2
471.32,600,50.3878,3.2169,3340.8347,14,2
471.33,600,50.9676,3.2024,3340.8347,14,2
472.12,600,51.3698,3.1972,3354.4841,14,2
472.2,600,50.7988,3.1918,3353.6846,14,2
472.2,600,50.7988,3.1918,3351.3611,14,2
472.21,600,49.1489,3.1371,3351.3611,14,2
471.41,600,52.0091,3.2576,3348.6445,14,2
471.33,600,49.6656,3.1508,3356.0364,14,2
471.33,600,50.5554,3.1722,3368.3049,14,2
471.33,600,49.5427,3.1292,3377.4094,14,2
471.33,600,51.6125,3.2391,3368.4009,14,2
471.33,600,51.6125,3.2391,3358.0601,14,2
471.33,600,52.4981,3.2957,3358.0601,14,2
470.92,600,50.4289,3.172,3344.7314,14,2
470.89,600,51.1335,3.2267,3336.0652,14,2
470.89,600,51.1335,3.2267,3324.1177,14,2
470.89,600,52.3359,3.2884,3315.7949,14,2
471.77,600,52.9257,3.3371,3317.4697,14,2
471.77,600,52.9257,3.3371,3320.9753,14,2
471.98,600,53.2143,3.3074,3320.9753,14,2
471.98,600,53.2143,3.3074,3323.8066,14,2
472.2,600,52.6409,3.2904,3333.9741,14,2
472.21,600,53.8472,3.3485,3333.9741,14,2
472.21,600,53.8472,3.3485,3345.2085,14,2
473.88,600,52.3824,3.3118,3357.0391,14,2
473.96,600,53.0928,3.3189,3375.7358,14,2
473.96,600,53.0928,3.3189,3375.7358,14,2
476.11,600,53.2054,3.3278,3397.3752,14,2
476.15,600,51.9300,3.2629,3392.343,14,2
476.15,600,51.9300,3.2629,3392.343,14,2
476.57,600,52.1326,3.2807,3386.9956,14,2
476.57,600,52.1326,3.2807,3393.1682,14,2
477.03,600,51.4440,3.2232,3410.4922,14,2
477.03,600,52.2077,3.2636,3410.4922,14,2
477.03,600,52.9170,3.3175,3427.9224,14,2
477.03,600,52.3484,3.2892,3433.98,14,2
477.03,600,53.1271,3.3381,3441.4792,14,2
476.65,600,49.3965,3.1109,3447.0903,14,2
476.6,600,52.0753,3.2874,3453.231,14,2
476.6,600,52.0753,3.2874,3460.2727,14,2
476.59,600,52.6449,3.3474,3460.2727,14,2
476.97,600,52.3769,3.3069,3465.571,14,2
477.03,600,52.3931,3.292,3461.3447,14,2
477.03,600,52.3931,3.292,3455.7236,14,2
477.03,600,53.8249,3.3863,3455.7236,14,2
477.43,600,53.7109,3.3752,3461.7456,14,2
477.47,600,53.7109,3.3752,3475.1687,14,2
477.47,600,54.7722,3.4417,3475.1687,14,2
478.71,600,54.5329,3.4264,3491.9084,14,2
478.79,600,54.1404,3.4017,3513.334,14,2
478.79,600,54.1404,3.4017,3530.5642,14,2
478.79,600,53.4676,3.3638,3530.5642,14,2
480.47,600,53.7414,3.3844,3549.2056,14,2
480.54,600,52.1294,3.2805,3546.0156,14,2
480.54,600,52.1294,3.2805,3539.6794,14,2
480.54,600,52.6528,3.302,3534.9524,14,2
480.1,600,53.9202,3.3879,3535.5151,14,2
480.1,600,53.9202,3.3879,3536.447,14,2
480.1,600,53.3908,3.3422,3536.0527,14,2
479.27,600,54.2930,3.3986,3536.0527,14,2
479.23,600,55.0820,3.4638,3525.219,14,2
479.23,600,55.0820,3.4638,3516.0266,14,2
479.23,600,54.2557,3.3989,3507.2993,14,2
478.81,600,54.3243,3.4034,3507.2993,14,2
478.79,600,54.5769,3.4292,3504.4355,14,2
478.79,600,54.8307,3.4377,3502.0063,14,2
478.79,600,55.2790,3.4944,3502.0063,14,2
478.79,600,54.8370,3.456,3496.4521,14,2
478.79,600,56.0978,3.5247,3491.7876,14,2
478.79,600,56.0978,3.5247,3489.2571,14,2
480.05,600,57.6774,3.5939,3489.2571,14,2
480.1,600,56.5214,3.5485,3514.4727,14,2
480.1,600,55.8378,3.499,3542.4141,14,2
480.1,600,55.8378,3.499,3560.0171,14,2
482.66,600,54.5936,3.4353,3560.0171,14,2
482.74,600,54.7165,3.4334,3620.2495,14,2
483.01,600,56.0326,3.5206,3620.2495,14,2
484.45,600,53.4584,3.3548,3630.8708,14,2
484.49,600,52.3897,3.3021,3627.0608,14,2
484.49,600,52.3897,3.3021,3621.6204,14,2
484.19,600,54.0432,3.4254,3621.6204,14,2
483.62,600,54.6074,3.424,3621.7827,14,2
483.61,600,53.8703,3.3935,3626.0537,14,2
483.61,600,53.8703,3.3935,3629.3225,14,2
482.31,600,53.8540,3.3838,3630.866,14,2
482.3,600,55.0074,3.4562,3631.2673,14,2
482.3,600,55.0074,3.4562,3631.7827,14,2
482.02,600,55.0842,3.4443,3638.9473,14,2
481.86,600,57.0964,3.5992,3638.9473,14,2
481.86,600,56.0728,3.5352,3657.6587,14,2
481.86,600,59.4573,3.7368,3672.0017,14,2
481.86,600,55.9809,3.5141,3679.2161,14,2
481.86,600,55.9809,3.5141,3679.2434,14,2
481.86,600,57.5493,3.6062,3679.2434,14,2
484,600,54.4549,3.3997,3681.4463,14,2
484,600,54.4549,3.3997,3688.1333,14,2
484.05,600,55.4092,3.4598,3697.3879,14,2
484.69,600,55.4029,3.4613,3697.3879,14,2
484.69,600,55.4029,3.4613,3693.9739,14,2
484.93,600,54.1959,3.4052,3670.9626,14,2
484.93,600,55.6552,3.4747,3670.9626,14,2
484.93,600,55.6552,3.4747,3647.3376,14,2
483.69,600,56.0499,3.4878,3647.3376,14,2
483.62,600,52.6145,3.3373,3629.4233,14,2
483.17,600,56.3776,3.5031,3622.2463,14,2
482.32,600,54.9521,3.4522,3622.2463,14,2
482.3,600,57.1388,3.5901,3612.771,14,2
482.3,600,57.1388,3.5901,3599.5786,14,2
482.02,600,55.8121,3.4961,3591.7583,14,2
481.87,600,56.4447,3.5592,3591.7583,14,2
481.87,600,56.4447,3.5592,3585.6611,14,2
481.86,600,57.2972,3.6369,3582.1035,14,2
482.94,600,57.2913,3.6035,3582.1035,14,2
483.17,600,57.5821,3.618,3630.7041,14,2
483.18,600,58.2364,3.6591,3670.1885,14,2
484.78,600,56.5015,3.5501,3670.1885,14,2
484.93,600,57.8027,3.6319,3685.7273,14,2
484.93,600,57.8027,3.6319,3700.9229,14,2
484.93,600,55.8383,3.4999,3716.126,14,2
485.25,600,56.7938,3.5631,3729.5908,14,2
485.37,600,57.0614,3.5675,3729.5908,14,2
485.37,600,55.9155,3.5012,3733.8015,14,2
484.57,600,54.6796,3.4682,3737.8096,14,2
484.57,600,54.6796,3.4682,3731.7468,14,2
484.49,600,55.5797,3.522,3716.8013,14,2
484.49,600,56.3997,3.5696,3716.8013,14,2
483.23,600,55.1139,3.4745,3702.6956,14,2
483.23,600,55.1139,3.4745,3706.353,14,2
483.18,600,59.6565,3.76,3718.5884,14,2
483.08,600,58.3475,3.6715,3718.5884,14,2
482.74,600,57.8817,3.6681,3727.6001,14,2
482.74,600,58.3188,3.6856,3727.6001,14,2
483.61,600,58.3923,3.6747,3729.6304,14,2
483.61,600,58.3923,3.6747,3734.3672,14,2
484.04,600,58.4094,3.6522,3752.0181,14,2
484.05,600,59.4389,3.7129,3752.0181,14,2
485.04,600,57.3118,3.601,3765.8293,14,2
485.04,600,57.3118,3.601,3779.3552,14,2
485.36,600,55.5603,3.4753,3787.9287,14,2
485.37,600,54.9840,3.4548,3787.9287,14,2
485.75,600,56.3718,3.542,3784.8145,14,2
485.81,600,57.3479,3.6141,3784.8145,14,2
485.81,600,56.4845,3.5392,3771.7961,14,2
485.81,600,56.4845,3.5392,3758.707,14,2
484.61,600,56.7499,3.5369,3758.707,14,2
484.49,600,56.0535,3.5268,3745.6814,14,2
484.49,600,56.0535,3.5268,3734.8342,14,2
484.36,600,57.4519,3.6206,3734.8342,14,2
484.36,600,57.4519,3.6206,3722.2275,14,2
483.18,600,57.1618,3.5962,3660.7256,14,2
482.81,600,56.3621,3.5387,3660.7256,14,2
481.88,600,58.3216,3.6666,3656.3796,14,2
481.86,600,57.1318,3.5969,3668.3462,14,2
481.86,600,57.1318,3.5969,3684.8865,14,2
482.4,600,58.7782,3.6932,3684.8865,14,2
483.16,600,57.6079,3.6176,3696.072,14,2
483.18,600,58.1727,3.6548,3717.2742,14,2
483.18,600,58.1727,3.6548,3738.9094,14,2
484.39,600,57.8064,3.6321,3738.9094,14,2
485.37,600,55.3225,3.476,3776.489,14,2
485.37,600,55.3225,3.476,3801.1687,14,2
485.92,600,53.4091,3.3632,3801.1687,14,2
486.24,600,55.4263,3.4825,3802.3447,14,2
486.25,600,55.7642,3.4972,3797.7229,14,2
486.25,600,55.7642,3.4972,3791.415,14,2
485.94,600,56.5719,3.5431,3790.4136,14,2
485.81,600,57.4434,3.6199,3790.4136,14,2
485.81,600,57.3035,3.6005,3790.3921,14,2
485.53,600,56.2579,3.5453,3788.1523,14,2
485.37,600,56.4764,3.5459,3788.1523,14,2
485.37,600,57.2279,3.5957,3779.9692,14,2
485.07,600,57.3744,3.6184,3773.6489,14,2
485.07,600,57.3744,3.6184,3762.5171,14,2
484.51,600,57.0592,3.5692,3748.7197,14,2
484.49,600,54.9588,3.4264,3748.7197,14,2
484.19,600,56.9154,3.5754,3729.9565,14,2
484.19,600,56.9154,3.5754,3725.8503,14,2
484.05,600,57.6126,3.6199,3736.1257,14,2
484.01,600,57.7641,3.631,3760.6501,14,2
483.62,600,57.5461,3.6157,3760.6501,14,2
483.62,600,57.5461,3.6157,3777.4177,14,2
483.61,600,57.6719,3.5608,3777.4177,14,2
483.61,600,57.6719,3.5608,3787.8259,14,2
483.61,600,57.8390,3.6496,3794.1145,14,2
483.61,600,55.9986,3.532,3794.1145,14,2
483.61,600,55.9106,3.513,3792.5857,14,2
483.61,600,56.1586,3.5438,3767.2969,14,2
483.61,600,56.1586,3.5438,3723.1838,14,2
483.61,600,56.2425,3.5321,3723.1838,14,2
483.06,600,55.5514,3.4904,3689.811,14,2
482.74,600,55.5405,3.4942,3673.3728,14,2
482.74,600,55.5405,3.4942,3660.022,14,2
482.74,600,56.1916,3.5306,3660.022,14,2
482.16,600,55.6944,3.5098,3648.9377,14,2
481.87,600,55.6632,3.4935,3673.6035,14,2
481.86,600,56.4403,3.5463,3673.6035,14,2
481.47,600,56.3950,3.4872,3684.9097,14,2
481.42,600,53.3457,3.3343,3713.384,14,2
481.42,600,53.3457,3.3343,3740.2126,14,2
481.42,600,56.5110,3.5507,3740.2126,14,2
480.59,600,56.7604,3.5412,3773.6306,14,2
480.59,600,56.7604,3.5412,3794.4785,14,2
480.54,600,57.1743,3.5924,3794.4785,14,2
480.54,600,57.3064,3.583,3817.3352,14,2
480.12,600,55.6288,3.4953,3826.9695,14,2
480.1,600,57.6524,3.6348,3826.9695,14,2
480.1,600,55.8133,3.5069,3818.8765,14,2
479.69,600,54.9399,3.4551,3813.8635,14,2
479.69,600,54.9399,3.4551,3810.4043,14,2
479.67,600,56.8421,3.5803,3807.8372,14,2
479.67,600,56.1038,3.5231,3807.8372,14,2
478.84,600,57.2558,3.6018,3803.532,14,2
478.79,600,57.7921,3.6312,3786.2944,14,2
478.79,600,59.5681,3.7428,3772.3599,14,2
478.79,600,58.6223,3.6772,3762.2043,14,2
478.35,600,59.6503,3.7449,3776.8069,14,2
478.35,600,57.4758,3.6232,3798.429,14,2
478.35,600,57.4758,3.6232,3812.2744,14,2
479.54,600,58.9809,3.7059,3812.2744,14,2
479.66,600,57.2930,3.5998,3832.0593,14,2
479.67,600,59.4298,3.7442,3847.9243,14,2
479.67,600,59.4298,3.7442,3864.9026,14,2
481.3,600,56.0982,3.5248,3864.9026,14,2
481.42,600,57.8965,3.6329,3863.0078,14,2
481.42,600,58.9054,3.7011,3855.8315,14,2
481.42,600,57.7304,3.6648,3855.8315,14,2
481.42,600,58.3748,3.6563,3835.793,14,2
481.42,600,59.1549,3.6563,3814.1155,14,2
481.42,600,59.1549,3.7172,3800.0461,14,2
481.42,600,57.1363,3.59,3800.0461,14,2
481.42,600,57.5418,3.6184,3770.7529,14,2
481.35,600,55.4041,3.4856,3740.0208,14,2
480.99,600,57.0156,3.5872,3726.9666,14,2
480.98,600,55.9142,3.5102,3724.3718,14,2
480.98,600,59.4142,3.724,3722.8562,14,2
480.98,600,59.4142,3.724,3726.0059,14,2
479.7,600,56.3266,3.5391,3726.0059,14,2
479.67,600,57.3957,3.5949,3741.6821,14,2
479.67,600,56.0880,3.5126,3753.8892,14,2
479.67,600,56.0880,3.5126,3773.3413,14,2
480.09,600,59.9822,3.7767,3773.3413,14,2
480.1,600,58.7810,3.6946,3807.1223,14,2
480.15,600,58.4194,3.6372,3832.9622,14,2
480.97,600,56.6522,3.5746,3849.7781,14,2
480.98,600,58.4936,3.6753,3852.6931,14,2
481.22,600,57.8736,3.6363,3856.3105,14,2
481.22,600,57.8736,3.6363,3861.1287,14,2
481.42,600,58.2428,3.6154,3861.1287,14,2
481.42,600,58.2663,3.661,3868.812,14,2
481.14,600,58.1157,3.6495,3874.6497,14,2
481.14,600,58.1157,3.6495,3866.637,14,2
480.99,600,58.2684,3.6611,3866.637,14,2
480.98,600,58.3375,3.6679,3843.312,14,2
480.98,600,57.3237,3.6051,3813.5457,14,2
480.98,600,59.0155,3.7138,3813.5457,14,2
480.98,600,58.0815,3.6494,3804.9426,14,2
480.98,600,58.4524,3.6656,3798.5061,14,2
480.98,600,58.4524,3.6656,3804.7126,14,2
480.98,600,59.8700,3.7485,3804.7126,14,2
480.98,600,59.1637,3.7252,3817.9548,14,2
480.98,600,59.1637,3.7252,3829.4666,14,2
482.15,600,58.1539,3.6381,3842.5947,14,2
482.29,600,56.9486,3.5782,3862.6541,14,2
482.7,600,57.0313,3.588,3877.5103,14,2
482.7,600,57.0313,3.588,3879.0493,14,2
482.74,600,58.2827,3.6822,3879.0493,14,2
482.74,600,56.0238,3.5537,3877.8691,14,2
482.74,600,56.0238,3.5537,3876.3245,14,2
482.74,600,57.1872,3.6276,3876.3245,14,2
482.74,600,57.3096,3.5829,3846.7041,14,2
482.74,600,57.3096,3.5829,3824.9541,14,2
482.74,600,56.6504,3.5595,3802.5251,14,2
482.74,600,57.8021,3.6318,3791.1868,14,2
482.74,600,57.8021,3.6318,3775.8506,14,2
482.74,600,57.6069,3.6355,3764.2429,14,2
482.74,600,58.9729,3.7054,3764.2429,14,2
482.74,600,58.9729,3.7054,3755.7051,14,2
482.74,600,59.3095,3.7606,3750.5518,14,2
483.11,600,58.9774,3.67,3750.5518,14,2
483.11,600,58.9774,3.67,3763.1914,14,2
483.26,600,56.6872,3.5715,3784.489,14,2
484.85,600,58.3794,3.7035,3799.3962,14,2
484.85,600,58.3794,3.7035,3807.2759,14,2
484.93,600,57.3042,3.6005,3813.1389,14,2
484.93,600,58.9338,3.6362,3818.9946,14,2
485.32,600,59.2251,3.7606,3818.9946,14,2
485.32,600,59.2251,3.7606,3834.8193,14,2
485.37,600,59.3226,3.7274,3856.8071,14,2
485.37,600,59.3093,3.7311,3856.8071,14,2
485.8,600,58.1436,3.6776,3875.6143,14,2
485.81,600,59.2048,3.7401,3890.7434,14,2
485.62,600,58.3032,3.6633,3890.7434,14,2
484.95,600,57.9814,3.6431,3896.4514,14,2
484.95,600,57.9814,3.6431,3882.9031,14,2
484.93,600,56.6189,3.5666,3861.3684,14,2
484.93,600,59.0147,3.6926,3861.3684,14,2
484.5,600,58.4916,3.6534,3844.1245,14,2
484.5,600,58.4916,3.6534,3838.0002,14,2
484.49,600,58.3821,3.6912,3833.5535,14,2
484.92,600,58.9105,3.7383,3829.6133,14,2
484.92,600,58.9105,3.7383,3828.0071,14,2
484.93,600,58.8949,3.7228,3826.3662,14,2
485.48,600,59.5130,3.7802,3826.3662,14,2
485.48,600,59.5130,3.7802,3832.1528,14,2
485.8,600,57.8499,3.6066,3853.7424,14,2
485.81,600,58.1763,3.6553,3853.7424,14,2
486.2,600,57.6258,3.6345,3866.7244,14,2
486.2,600,57.6258,3.6345,3856.1218,14,2
486.25,600,57.8745,3.634,3856.1218,14,2
486.25,600,57.1265,3.5894,3827.4592,14,2
486.25,600,57.7166,3.6264,3827.4592,14,2
486.25,600,57.7166,3.6264,3811.0288,14,2
486.25,600,57.5385,3.631,3793.6306,14,2
485.48,600,57.3111,3.6043,3778.6799,14,2
485.37,600,57.1706,3.5921,3778.6799,14,2
485.37,600,57.1706,3.5921,3758.4292,14,2
485.37,600,57.6814,3.6242,3737.7542,14,2
484.55,600,57.5392,3.6153,3737.7542,14,2
484.49,600,57.6928,3.6147,3734.6675,14,2
484.49,600,59.3876,3.7314,3736.4207,14,2
484.49,600,59.3876,3.7314,3739.241,14,2
484.49,600,56.3557,3.5409,3756.625,14,2
484.49,600,56.3557,3.5409,3772.9807,14,2
484.49,600,57.4610,3.6408,3792.6523,14,2
485.25,600,58.1841,3.6815,3792.6523,14,2
485.37,600,57.1877,3.591,3806.3279,14,2
485.37,600,57.1877,3.591,3828.7307,14,2
484.54,600,58.5747,3.6785,3845.623,14,2
484.54,600,56.3377,3.5705,3862.7888,14,2
484.49,600,56.3377,3.5705,3878.5583,14,2
484.49,600,59.0314,3.6934,3899.7175,14,2
483.65,600,57.8011,3.6217,3899.7175,14,2
483.65,600,57.8011,3.6217,3889.6008,14,2
483.61,600,57.2256,3.6095,3874.2207,14,2
483.55,600,57.0918,3.5913,3865.1182,14,2
483.19,600,58.0941,3.6502,3865.1182,14,2
483.18,600,58.4118,3.6573,3852.855,14,2
483.18,600,60.2794,3.7903,3821.3718,14,2
481.9,600,58.5947,3.6804,3821.3718,14,2
481.9,600,58.5947,3.6804,3811.5891,14,2
481.9,600,58.5947,3.6804,3803.8599,14,2
481.86,600,59.0885,3.7176,3805.0837,14,2
482.27,600,58.7274,3.6873,3805.0837,14,2
482.3,600,59.8961,3.795,3821.3335,14,2
482.3,600,57.6115,3.6078,3844.29,14,2
482.3,600,57.6115,3.6078,3856.668,14,2
483.58,600,57.0190,3.5881,3856.668,14,2
483.61,600,57.5049,3.6131,3864.1851,14,2
483.61,600,57.5049,3.6131,3865.0232,14,2
483.61,600,56.9661,3.5782,3853.1794,14,2
483.61,600,57.4362,3.6409,3853.1794,14,2
483.49,600,57.4921,3.6123,3835.6682,14,2
483.49,600,57.4921,3.6123,3824.0171,14,2
483.18,600,58.2594,3.6606,3824.0171,14,2
483.18,600,57.1175,3.5896,3825.7129,14,2
483.18,600,57.1175,3.5896,3827.9377,14,2
482.74,600,58.2426,3.6604,3821.4836,14,2
482.74,600,58.2426,3.6604,3795.0444,14,2
482.74,600,58.2426,3.6604,3778.874,14,2
482.6,600,58.5450,3.6867,3778.874,14,2
481.87,600,57.9938,3.6518,3776.5786,14,2
481.86,600,58.3405,3.6656,3778.5078,14,2
481.86,600,58.3405,3.6656,3781.187,14,2
482.65,600,57.4563,3.5749,3786.6462,14,2
482.65,600,57.4563,3.5749,3786.6462,14,2
482.74,600,57.5417,3.6162,3811.2334,14,2
482.74,600,57.1530,3.591,3831.2439,14,2
482.74,600,57.1530,3.591,3831.2439,14,2
482.74,600,57.6748,3.6238,3867.5972,14,2
483.04,600,55.9223,3.5446,3895.3364,14,2
483.04,600,55.9223,3.5446,3912.4658,14,2
483.17,600,57.2000,3.5901,3912.4658,14,2
483.18,600,58.4698,3.6836,3920.0344,14,2
483.18,600,58.0226,3.6037,3927.3833,14,2
483.18,600,58.0226,3.6037,3917.6228,14,2
483.18,600,57.6873,3.648,3917.6228,14,2
482.81,600,56.6307,3.5582,3890.0964,14,2
482.81,600,56.6307,3.5582,3873.6912,14,2
482.74,600,57.5876,3.6183,3873.6912,14,2
482.74,600,57.6719,3.6048,3857.6406,14,2
481.98,600,57.4215,3.5913,3836.9885,14,2
481.98,600,57.4215,3.5913,3834.2544,14,2
481.86,600,58.2543,3.6698,3833.2673,14,2
481.86,600,58.0029,3.6452,3833.2673,14,2
481.86,600,58.0029,3.6452,3832.4238,14,2
482.3,600,59.0141,3.708,3857.2766,14,2
482.3,600,59.0141,3.708,3876.7546,14,2
482.42,600,57.8894,3.6239,3896.6826,14,2
482.73,600,58.6592,3.7299,3896.6826,14,2
482.73,600,58.6592,3.7299,3899.834,14,2
482.74,600,59.7979,3.7364,3902.3381,14,2
483.32,600,57.4968,3.6126,3902.5923,14,2
483.61,600,57.6299,3.6048,3902.5923,14,2
483.61,600,58.2337,3.6589,3899.0767,14,2
484.02,600,56.9200,3.6367,3895.4167,14,2
484.02,600,59.0055,3.7074,3877.4854,14,2
484.05,600,59.0055,3.7074,3844.2373,14,2
484.05,600,58.0627,3.6482,3844.2373,14,2
483.62,600,57.3535,3.6196,3810.8557,14,2
483.62,600,57.3535,3.6196,3801.4771,14,2
483.61,600,57.0426,3.5781,3801.4771,14,2
483.31,600,56.4017,3.5438,3792.324,14,2
483.31,600,56.4017,3.5438,3788.2375,14,2
483.18,600,59.3777,3.6949,3788.2375,14,2
483.18,600,58.9906,3.703,3791.1394,14,2
484.01,600,59.1047,3.7291,3810.4368,14,2
484.05,600,59.2800,3.7247,3810.4368,14,2
484.05,600,59.2800,3.7247,3856.6157,14,2
484.05,600,59.2800,3.7247,3884.8508,14,2
485.07,600,60.3485,3.7888,3884.8508,14,2
485.37,600,59.3357,3.7544,3901.3103,14,2
485.37,600,58.5003,3.6757,3924.5625,14,2
485.37,600,58.5003,3.6757,3924.5625,14,2
486.13,600,60.6624,3.8088,3941.342,14,2
486.25,600,59.6806,3.7309,3929.7893,14,2
486.25,600,59.6806,3.7309,3929.7893,14,2
486.25,600,60.2554,3.786,3924.9695,14,2
486.25,600,58.5301,3.6757,3909.2009,14,2
486.25,600,58.5126,3.6765,3892.3284,14,2
486.25,600,58.5126,3.6765,3882.8359,14,2
485.82,600,59.2359,3.7484,3882.8359,14,2
485.81,600,62.4495,3.9182,3865.9661,14,2
485.81,600,60.0703,3.7743,3852.603,14,2
485.81,600,60.2719,3.7729,3841.175,14,2
485.81,600,57.3374,3.6026,3843.9211,14,2
485.81,600,60.5901,3.8055,3848.9214,14,2
485.81,600,60.5901,3.8055,3851.292,14,2
486.65,600,59.5019,3.7386,3851.292,14,2
486.69,600,59.5161,3.7303,3848.0103,14,2
486.69,600,59.1482,3.7164,3844.4705,14,2
486.69,600,59.1482,3.7164,3843.9509,14,2
486.69,600,59.9220,3.7997,3843.9509,14,2
486.69,600,60.0746,3.7773,3846.6504,14,2
486.69,600,60.0746,3.7773,3844.8066,14,2
486.69,600,60.2824,3.7853,3844.8066,14,2
486.69,600,60.0666,3.7769,3833.3723,14,2
486.57,600,59.3588,3.7237,3821.3647,14,2
486.57,600,59.3588,3.7237,3815.2344,14,2
486.26,600,60.4975,3.8067,3806.2695,14,2
486.25,600,58.3695,3.6675,3806.2695,14,2
486.25,600,58.3695,3.6675,3797.1323,14,2
486.69,600,58.3148,3.6455,3786.0784,14,2
486.69,600,58.3148,3.6455,3768.2432,14,2
486.69,600,59.8158,3.7785,3751.1677,14,2
486.69,600,60.9288,3.7977,3751.1677,14,2
486.69,600,60.9288,3.7977,3749.1133,14,2
486.69,600,57.0162,3.5947,3748.8696,14,2
486.69,600,57.0162,3.5947,3748.8696,14,2
486.29,600,60.2902,3.7355,3758.7239,14,2
486.25,600,57.9970,3.6697,3789.9287,14,2
486.25,600,58.4305,3.6713,3833.7556,14,2
485.81,600,57.4260,3.6336,3858.041,14,2
485.81,600,57.4260,3.6336,3876.7915,14,2
485.81,600,59.8382,3.7689,3895.7063,14,2
486.05,600,58.6879,3.6875,3895.7063,14,2
486.24,600,58.6443,3.7013,3905.0745,14,2
486.24,600,58.6443,3.7013,3903.9136,14,2
486.25,600,59.0371,3.6996,3903.9136,14,2
485.89,600,58.6123,3.6827,3902.353,14,2
485.81,600,59.0507,3.7103,3889.6697,14,2
485.81,600,59.0507,3.7103,3872.5813,14,2
485.67,600,57.9954,3.6529,3859.5164,14,2
484.96,600,58.7542,3.6916,3855.3293,14,2
484.93,600,60.6990,3.8378,3851.1572,14,2
484.93,600,60.5149,3.8149,3851.1572,14,2
484.93,600,60.5149,3.8149,3845.7456,14,2
484.1,600,60.7105,3.8532,3847.4482,14,2
484.05,600,61.4922,3.868,3847.4482,14,2
485.07,600,61.6079,3.8858,3851.4497,14,2
485.36,600,61.8267,3.8847,3860.4849,14,2
485.37,600,60.0938,3.7865,3860.4849,14,2
485.37,600,60.0938,3.7865,3868.207,14,2
486.05,600,60.4001,3.7951,3870.884,14,2
486.24,600,62.6537,3.9035,3870.884,14,2
486.24,600,62.6537,3.9035,3866.1624,14,2
486.25,600,60.0833,3.7752,3860.5657,14,2
486.25,600,60.0833,3.7752,3860.5657,14,2
487.12,600,60.5169,3.7754,3843.1985,14,2
487.12,600,59.3461,3.7262,3803.8789,14,2
487.47,600,61.9602,3.8931,3793.4871,14,2
487.56,600,60.2555,3.7889,3793.4871,14,2
487.56,600,60.2793,3.7875,3776.4275,14,2
487.85,600,59.4662,3.7457,3760.1973,14,2
487.85,600,59.4662,3.7457,3751.2058,14,2
488,600,58.8276,3.6919,3751.2058,14,2
488,600,59.7135,3.7641,3736.6609,14,2
488.61,600,60.3833,3.8024,3725.6882,14,2
488.61,600,60.3833,3.8024,3739.2114,14,2
488.88,600,59.8744,3.762,3770.4243,14,2
489.87,600,60.1960,3.7714,3794.103,14,2
489.87,600,60.1960,3.7714,3806.4912,14,2
490.19,600,59.5175,3.7281,3823.5513,14,2
490.2,600,61.4261,3.8369,3823.5513,14,2
490.2,600,58.9419,3.6621,3840.6631,14,2
490.2,600,58.9419,3.6621,3844.8394,14,2
490.2,600,58.6154,3.7129,3848.5613,14,2
490.2,600,58.3745,3.7454,3848.5613,14,2
489.79,600,58.8178,3.6956,3850.707,14,2
489.76,600,59.3252,3.7438,3837.3052,14,2
489.76,600,59.0989,3.7792,3825.0112,14,2
489.76,600,59.0989,3.7792,3825.0112,14,2
488.91,600,61.1261,3.8407,3818.4958,14,2
488.88,600,59.8826,3.7672,3807.1841,14,2
488.88,600,59.8826,3.7672,3807.1841,14,2
488.25,600,59.2386,3.7221,3798.5193,14,2
488.01,600,60.4742,3.8045,3794.4724,14,2
488,600,60.7044,3.8238,3791.156,14,2
488,600,60.3233,3.7735,3787.8347,14,2
488,600,58.7136,3.6891,3785.4795,14,2
488,600,60.1780,3.803,3783.5376,14,2
488,600,60.1780,3.803,3782.5654,14,2
488.49,600,60.4003,3.8253,3783.7021,14,2
488.87,600,55.8508,3.5092,3783.7021,14,2
488.88,599,55.6956,3.4937,3798.0952,14,2
488.88,599,55.6956,3.4937,3813.3979,14,2
489.21,597,56.2616,3.5171,3814.3062,14,2
489.32,594,56.2795,3.5008,3814.3062,14,2
489.32,592,56.4417,3.5014,3802.6187,14,2
488.46,589,56.8603,3.5071,3789.4277,14,2
488.46,589,56.8603,3.5071,3781.2595,14,2
488.44,587,56.8658,3.4956,3769.5547,14,2
488.35,585,57.3804,3.5156,3769.5547,14,2
488.35,585,57.3804,3.5156,3759.001,14,2
487.57,583,66.4678,4.0604,3748.7478,14,2
487.56,584,66.8195,4.0936,3734.4949,14,2
487.52,586,66.6698,4.0934,3734.4949,14,2
486.69,589,66.2504,4.0863,3728.459,14,2
486.69,592,65.9228,4.0895,3802.1663,14,2
486.69,596,65.6619,4.0981,3802.1663,14,2
486.69,596,65.6619,4.0981,3827.4951,14,2
486.69,598,65.1312,4.0796,3844.0173,14,2
486.69,602,65.0741,4.1024,3844.0173,14,2
487.71,605,64.5280,4.0882,3860.4934,14,2
487.71,605,64.5280,4.0882,3865.8342,14,2
488,608,64.0493,4.078,3868.3291,14,2
488,612,63.9045,4.0956,3868.3291,14,2
488.35,615,54.6577,3.5316,3861.1863,14,2
488.44,617,54.6577,3.5316,3839.4565,14,2
488.44,616,54.5236,3.5229,3839.4565,14,2
488.78,616,54.5210,3.517,3819.0085,14,2
488.78,616,54.5210,3.517,3814.2222,14,2
488.88,614,54.5210,3.5056,3814.2222,14,2
488.88,612,54.5210,3.4942,3809.0828,14,2
488.48,611,54.8009,3.5037,3804.5801,14,2
488.48,611,54.8009,3.5037,3803.106,14,2
488.44,609,55.1001,3.514,3803.106,14,2
488.44,605,55.1072,3.4913,3798.1006,14,2
488.44,605,55.1072,3.4913,3786.9575,14,2
488.44,602,55.6707,3.5094,3774.7888,14,2
488.44,600,55.6927,3.4993,3774.7888,14,2
488.05,598,55.7858,3.5002,3760.5518,14,2
488,596,56.2696,3.5119,3768.8923,14,2
488,596,56.2696,3.5119,3783.7566,14,2
488,593,59.4696,3.693,3783.7566,14,2
487.18,593,65.5454,4.0685,3797.1895,14,2
487.13,594,65.6569,4.0841,3823.4397,14,2
487.13,596,65.3364,4.0778,3823.4397,14,2
486.29,600,65.0774,4.089,3832.8213,14,2
486.25,603,64.9471,4.0989,3826.6443,14,2
486.25,603,64.9471,4.0989,3819.6138,14,2
486.25,606,64.4985,4.0932,3819.6138,14,2
486.66,609,63.9590,4.079,3811.5522,14,2
486.69,613,63.9020,4.0954,3807.1636,14,2
486.69,613,63.9020,4.0954,3803.9719,14,2
486.69,616,63.3433,4.0864,3803.9719,14,2
487.56,622,62.7320,4.0861,3783.2439,14,2
487.56,622,62.7320,4.0861,3762.1191,14,2
487.56,624,62.6361,4.093,3762.1191,14,2
488.42,626,55.1163,3.6131,3749.533,14,2
488.44,626,53.3822,3.5,3752.8406,14,2
488.44,626,53.3822,3.5,3757.9663,14,2
488.58,625,53.3490,3.4917,3757.9663,14,2
489.29,623,53.8539,3.5135,3763.3096,14,2
489.32,620,53.9327,3.5017,3769.8816,14,2
489.32,618,53.9347,3.4905,3776.6445,14,2
489.32,615,54.4923,3.5147,3783.3728,14,2
489.32,613,54.5207,3.4999,3784.5518,14,2
489.32,613,54.5207,3.4999,3786.2041,14,2
489.04,611,54.5209,3.4885,3786.2041,14,2
488.88,609,55.0750,3.5121,3790.0286,14,2
488.88,607,55.1063,3.5029,3795.519,14,2
488.88,607,55.1063,3.5029,3801.0828,14,2
488.64,605,55.1072,3.4913,3801.1108,14,2
488.02,603,55.5762,3.5094,3801.1108,14,2
487.96,600,62.4495,3.9238,3785.4607,14,2
487.96,600,62.4495,3.9238,3772.8669,14,2
487.15,601,65.0165,4.0915,3756.2268,14,2
487.13,603,64.5895,4.0786,3756.2268,14,2
487.08,605,64.4896,4.0858,3733.2993,14,2
486.27,607,64.1640,4.0813,3728.9282,14,2
486.27,607,64.1640,4.0813,3728.9282,14,2
486.25,610,63.9059,4.0823,3744.6997,14,2
486.97,613,63.8086,4.0961,3766.5728,14,2
488.85,615,55.7450,3.6006,3783.8269,14,2
488.88,615,54.5422,3.5128,3797.384,14,2
490.14,614,54.5214,3.5056,3815.5962,14,2
490.14,614,54.5214,3.5056,3820.5234,14,2
491.5,612,54.5210,3.4999,3818.1138,14,2
491.51,610,55.0156,3.515,3818.1138,14,2
491.51,610,55.0156,3.515,3816.0581,14,2
491.87,608,55.1044,3.5085,3809.6025,14,2
491.95,606,55.1071,3.4971,3809.6025,14,2
491.95,604,55.4304,3.5002,3757.6279,14,2
491.14,601,55.6871,3.5047,3753.2546,14,2
491.08,600,55.6932,3.4993,3753.2546,14,2
491.08,600,55.6932,3.4993,3749.9734,14,2
491.07,597,56.1624,3.5102,3746.9863,14,2
490.21,594,56.2787,3.5007,3746.9863,14,2
490.2,592,56.2797,3.489,3746.5081,14,2
490.2,592,56.2797,3.489,3746.1929,14,2
490.2,589,56.8558,3.5069,3749.8579,14,2
490.2,587,56.8657,3.4956,3749.8579,14,2
490.2,585,57.3349,3.5124,3785.833,14,2
489.82,582,57.4514,3.5015,3785.833,14,2
489.76,580,57.5122,3.4932,3807.0669,14,2
489.76,580,57.5122,3.4932,3837.8921,14,2
489.76,577,58.0344,3.5066,3837.8921,14,2
489.76,577,58.0344,3.5066,3866.8284,14,2
488.49,575,58.0383,3.4947,3880.312,14,2
488.44,573,58.5602,3.5134,3880.312,14,2
488.44,573,58.5602,3.5134,3893.6455,14,2
486.31,571,67.5461,4.0389,3902.2871,14,2
486.31,571,67.5461,4.0389,3845.468,14,2
486.18,575,68.0043,4.0877,3792.0701,14,2
486.18,575,68.0043,4.0877,3767.248,14,2
485.82,578,67.4761,4.0842,3767.248,14,2
485.81,583,66.9651,4.0874,3762.1091,14,2
485.81,587,66.4124,4.0835,3755.573,14,2
485.81,587,66.4124,4.0835,3766.124,14,2
485.81,592,65.8616,4.0842,3766.124,14,2
485.81,597,65.6647,4.1052,3786.4539,14,2
485.57,600,65.1058,4.0907,3822.5437,14,2
485.38,605,64.6050,4.094,3824.386,14,2
485.37,609,64.0847,4.0858,3824.386,14,2
486.26,613,63.9066,4.0958,3826.4685,14,2
487.54,616,63.3434,4.0866,3826.9172,14,2
487.54,616,63.3434,4.0866,3826.1099,14,2
487.56,619,62.9923,4.0833,3826.1099,14,2
487.86,622,62.7335,4.0862,3824.9915,14,2
488.43,624,54.9015,3.5876,3824.4678,14,2
488.44,624,53.9535,3.5259,3823.9114,14,2
488.44,624,53.9352,3.5188,3823.4946,14,2
489.74,621,53.9347,3.5074,3817.9648,14,2
489.74,621,53.9347,3.5074,3806.9944,14,2
489.76,619,53.9347,3.4961,3791.9517,14,2
490,617,53.9347,3.4887,3791.9517,14,2
490.62,615,54.5048,3.5158,3783.8796,14,2
490.64,614,54.5206,3.5056,3777.8755,14,2
490.64,614,54.5206,3.5056,3769.9424,14,2
490.21,610,55.0034,3.5127,3763.9788,14,2
490.2,609,55.1044,3.5142,3752.3198,14,2
490.2,607,55.1071,3.5029,3743.2795,14,2
490.2,607,55.1071,3.5029,3737.3025,14,2
490.2,605,55.1072,3.4913,3737.3025,14,2
490.2,603,55.5459,3.5054,3753.6094,14,2
490.2,601,55.6906,3.505,3772.5354,14,2
490.2,601,55.6906,3.505,3785.4612,14,2
490.2,599,55.6934,3.4935,3785.4612,14,2
490.2,597,56.1881,3.5128,3810.5317,14,2
490.11,595,56.2779,3.5066,3848.0537,14,2
489.34,593,56.2797,3.4949,3848.0537,14,2
489.32,591,56.8144,3.5112,3848.2544,14,2
488.87,588,56.8649,3.5015,3847.8452,14,2
488.87,588,56.8649,3.5015,3837.6792,14,2
488.02,587,56.8659,3.4956,3837.6792,14,2
488,585,57.4159,3.5171,3821.8547,14,2
488,585,57.4159,3.5171,3800.3877,14,2
487.28,583,64.4714,3.9031,3800.3877,14,2
486.7,584,66.7752,4.0833,3773.6301,14,2
486.69,587,66.6317,4.0959,3707.6013,14,2
486.4,590,66.2530,4.0935,3702.4927,14,2
486.25,593,65.7406,4.0839,3702.4927,14,2
486.25,597,65.5353,4.1013,3709.5732,14,2
486.8,601,65.0848,4.0963,3715.2234,14,2
486.8,601,65.0848,4.0963,3734.4036,14,2
487.12,604,64.5682,4.0855,3734.4036,14,2
487.13,609,64.1200,4.0869,3758.8416,14,2
488.83,612,63.9060,4.0956,3791.8384,14,2
489.31,614,54.7787,3.5203,3807.4963,14,2
489.32,614,54.5237,3.5058,3826.5994,14,2
489.32,614,54.5237,3.5058,3845.6738,14,2
490.92,613,54.5210,3.4999,3839.7673,14,2
491.07,612,54.5210,3.4942,3825.9016,14,2
491.07,611,54.8009,3.5091,3825.9016,14,2
491.07,611,54.8009,3.5091,3806.9976,14,2
491.07,609,55.1044,3.5142,3795.282,14,2
491.07,607,55.1072,3.5029,3795.282,14,2
491.07,605,55.1072,3.4913,3789.8301,14,2
490.65,603,55.6019,3.511,3783.4316,14,2
490.65,603,55.6019,3.511,3778.3525,14,2
490.64,601,55.6930,3.5051,3772.8889,14,2
490.33,599,55.6934,3.4993,3772.8889,14,2
490.2,597,56.1759,3.5128,3770.9709,14,2
490.2,597,56.1759,3.5128,3774.925,14,2
490.2,595,56.2790,3.5067,3774.925,14,2
489.78,592,56.2797,3.489,3778.8806,14,2
489.78,592,56.2797,3.489,3805.3374,14,2
489.76,590,56.8588,3.513,3805.3374,14,2
489.76,587,56.8659,3.4956,3847.4729,14,2
489.76,585,57.3484,3.5124,3856.3127,14,2
489.76,585,57.3484,3.5124,3856.3127,14,2
489.76,582,57.4502,3.5014,3868.2532,14,2
488.97,580,57.4521,3.4895,3874.2261,14,2
488.97,580,57.4521,3.4895,3856.0774,14,2
488.88,579,58.0181,3.5178,3856.0774,14,2
488.88,577,58.0383,3.5069,3841.3008,14,2
488.02,575,58.0384,3.4947,3820.3215,14,2
488,573,58.5209,3.5107,3783.7605,14,2
487.82,572,64.8170,3.8213,3755.3948,14,2
487.82,572,64.8170,3.8213,3743.449,14,2
487.57,573,67.9028,4.0729,3778.1475,14,2
487.56,576,68.0024,4.1018,3778.1475,14,2
486.97,580,67.4344,4.0959,3805.4258,14,2
486.97,580,67.4344,4.0959,3833.6348,14,2
485.84,583,66.9240,4.0858,3859.6982,14,2
485.81,587,66.4289,4.0857,3859.6982,14,2
486.02,591,66.2495,4.1002,3882.8486,14,2
486.24,594,65.6852,4.0859,3870.813,14,2
486.25,598,65.2215,4.0854,3870.813,14,2
487.94,600,65.0779,4.089,3854.1992,14,2
489.29,603,56.9871,3.5985,3848.2644,14,2
489.29,603,56.9871,3.5985,3846.5125,14,2
489.32,604,55.7187,3.5241,3846.5125,14,2
490.16,604,55.6940,3.5227,3845.3643,14,2
491.05,603,55.6935,3.5168,3831.5791,14,2
491.07,601,55.6934,3.5052,3809.1257,14,2
491.07,600,55.6934,3.4993,3778.6138,14,2
491.07,598,55.9321,3.5002,3767.4624,14,2
491.07,595,56.2717,3.5062,3763.9722,14,2
491.07,595,56.2717,3.5062,3759.804,14,2
490.98,594,56.2795,3.4949,3754.8643,14,2
490.65,591,56.6029,3.5004,3754.8643,14,2
490.64,589,56.8596,3.5071,3744.2659,14,2
490.64,587,56.8658,3.4956,3729.4324,14,2
490.64,587,56.8658,3.4956,3724.3916,14,2
490.64,585,57.4500,3.5132,3724.3916,14,2
490.64,581,57.4521,3.4955,3765.1379,14,2
490.64,581,57.4521,3.4955,3790.9153,14,2
490.21,578,58.0021,3.5102,3790.9153,14,2
490.2,576,58.0377,3.5008,3829.3455,14,2
489.99,574,58.3183,3.5055,3859.0259,14,2
489.99,574,58.3183,3.5055,3887.2988,14,2
488.9,572,58.6190,3.5112,3887.2988,14,2
488.88,570,58.6246,3.4993,3904.875,14,2
488.43,568,58.6247,3.4871,3922.2458,14,2
487.58,567,67.2770,3.9726,3902.0391,14,2
487.56,568,68.5585,4.0774,3854.4583,14,2
487.44,570,68.5902,4.0942,3789.1885,14,2
487.44,570,68.5902,4.0942,3767.7402,14,2
487.13,573,68.0962,4.0876,3783.928,14,2
487.13,577,67.6834,4.0897,3783.928,14,2
487.13,577,67.6834,4.0897,3797.4907,14,2
486.38,582,67.2208,4.0969,3813.8438,14,2
486.25,586,66.8449,4.1019,3828.7576,14,2
486.25,590,66.2588,4.094,3828.7576,14,2
486.66,596,65.6853,4.0995,3839.1404,14,2
486.69,599,65.1106,4.0842,3808.8254,14,2
486.69,602,65.0747,4.1024,3808.8254,14,2
486.69,606,65.0747,4.1024,3777.8445,14,2
487.41,606,64.5075,4.0935,3752.3972,14,2
487.56,609,64.0333,4.079,3747.543,14,2
487.56,612,63.9049,4.0956,3747.543,14,2
488.62,615,61.4711,3.9589,3741.6472,14,2
488.62,615,61.4711,3.9589,3748.5986,14,2
488.88,616,54.5226,3.5171,3771.5542,14,2
488.88,616,54.5226,3.5171,3795.9104,14,2
490.1,614,54.5210,3.5056,3795.9104,14,2
490.19,613,54.5210,3.4999,3792.5962,14,2
490.2,611,54.6829,3.4988,3786.0403,14,2
490.2,611,54.6829,3.4988,3778.9126,14,2
490.2,609,55.1001,3.514,3778.9126,14,2
490.2,606,55.1071,3.4971,3765.0908,14,2
490.2,604,55.1072,3.4856,3754.2039,14,2
490.2,604,55.1072,3.4856,3741.835,14,2
489.76,600,55.6929,3.4993,3732.667,14,2
489.76,598,55.6934,3.4877,3720.1821,14,2
489.76,598,55.6934,3.4877,3713.8005,14,2
489.33,596,56.2636,3.5115,3713.8005,14,2
489.32,593,56.2793,3.4949,3714.7144,14,2
489.34,590,56.7341,3.5112,3716.2524,14,2
489.34,590,56.7341,3.5112,3719.0579,14,2
489.75,588,56.8634,3.5013,3719.0579,14,2
489.76,585,57.0279,3.4974,3730.7566,14,2
489.85,583,57.4450,3.5071,3743.1287,14,2
490.19,580,57.4520,3.4895,3765.938,14,2
490.2,578,58.0062,3.5112,3765.938,14,2
490.2,578,58.0062,3.5112,3785.3286,14,2
489.88,576,58.0381,3.5008,3802.6282,14,2
489.76,574,58.0384,3.4886,3802.6282,14,2
489.76,572,58.6119,3.5108,3823.9658,14,2
489.76,572,58.6119,3.5108,3845.6423,14,2
487.65,571,60.5679,3.6153,3843.0374,14,2
487.13,571,68.4611,4.0922,3843.0374,14,2
487.13,573,68.0188,4.0814,3822.4751,14,2
485.52,576,68.0050,4.102,3790.8733,14,2
485.37,579,67.4547,4.0902,3790.8733,14,2
485.37,579,67.4547,4.0902,3724.7351,14,2
485.37,582,67.0318,4.0843,3660.7031,14,2
486.21,586,66.8353,4.1014,3660.7031,14,2
486.25,588,66.2919,4.0819,3681.1738,14,2
486.25,588,66.2919,4.0819,3716.0896,14,2
486.91,592,66.0843,4.0945,3738.8599,14,2
489.22,594,58.4040,3.6329,3738.8599,14,2
489.32,594,56.3051,3.5026,3796.144,14,2
490.77,593,56.2799,3.4949,3817.2917,14,2
491.5,591,56.7020,3.5141,3817.2917,14,2
491.51,589,56.8615,3.5072,3823.7112,14,2
491.51,589,56.8615,3.5072,3829.95,14,2
491.44,588,56.8658,3.5015,3835.8535,14,2
491.09,586,57.1046,3.5068,3817.2356,14,2
491.07,583,57.4482,3.5072,3817.2356,14,2
491.07,583,57.4482,3.5072,3792.3696,14,2
490.24,581,57.4521,3.4955,3792.3696,14,2
489.32,578,58.0129,3.5112,3745.8518,14,2
489.32,577,58.0375,3.5068,3726.7969,14,2
488.64,575,58.0384,3.4947,3695.2837,14,2
488.44,573,58.5331,3.5134,3695.2837,14,2
488.44,573,58.5331,3.5134,3664.2659,14,2
488.44,571,58.6242,3.5054,3635.7314,14,2
488.44,569,58.6247,3.4932,3635.7314,14,2
488.44,569,58.6247,3.4932,3662.7888,14,2
488.44,565,59.2098,3.5032,3691.0344,14,2
488.02,564,59.2109,3.4971,3725.0581,14,2
488,563,59.2402,3.4945,3754.5867,14,2
488,563,59.2402,3.4945,3799.7747,14,2
488,562,65.6872,3.9002,3836.322,14,2
485.88,563,69.1201,4.0755,3836.322,14,2
485.81,566,69.1756,4.1001,3808.4482,14,2
485.81,566,69.1756,4.1001,3773.6841,14,2
485.81,569,68.6271,4.0895,3773.6841,14,2
485.81,574,68.0694,4.0905,3729.5093,14,2
485.81,578,67.7676,4.0993,3735.0117,14,2
486.1,583,67.2604,4.1064,3752.0239,14,2
486.1,583,67.2604,4.1064,3761.3057,14,2
486.25,587,66.6766,4.1008,3786.2068,14,2
486.25,592,65.8823,4.0831,3786.2068,14,2
486.25,592,65.8823,4.0831,3806.5764,14,2
486.25,598,65.4623,4.0994,3795.4319,14,2
486.25,601,65.0862,4.0962,3770.2119,14,2
486.25,604,64.5914,4.0855,3770.2119,14,2
487.04,608,64.2893,4.0908,3728.0017,14,2
487.12,612,63.9066,4.0957,3712.8264,14,2
487.12,612,63.9066,4.0957,3686.2349,14,2
487.61,616,63.3308,4.0853,3672.2888,14,2
488.84,618,55.0146,3.5781,3681.4265,14,2
488.88,618,53.9714,3.4926,3681.4265,14,2
488.88,617,53.9360,3.4849,3698.4619,14,2
491.33,616,54.4802,3.5147,3711.1394,14,2
491.33,616,54.4802,3.5147,3720.1638,14,2
491.51,614,54.5195,3.5055,3729.8367,14,2
491.51,612,54.5209,3.4942,3729.8367,14,2
492.31,610,54.9753,3.5127,3732.7148,14,2
492.39,607,55.1065,3.5028,3721.1038,14,2
492.32,605,55.1072,3.4856,3721.1038,14,2
491.97,603,55.6475,3.5139,3707.7212,14,2
491.97,603,55.6475,3.5139,3700.0205,14,2
491.95,601,55.6919,3.5051,3689.2693,14,2
491.95,599,55.6934,3.4935,3689.2693,14,2
491.95,599,55.6934,3.4935,3681.4783,14,2
491.09,597,56.2616,3.5172,3673.96,14,2
491.07,594,56.2794,3.5008,3673.96,14,2
490.71,591,56.7487,3.5121,3664.1274,14,2
490.64,589,56.8619,3.5073,3661.9475,14,2
490.64,587,56.8658,3.4956,3659.7661,14,2
490.93,585,57.3047,3.5115,3659.7661,14,2
491.07,583,57.4465,3.5072,3658.7942,14,2
491.07,583,57.4465,3.5072,3666.3623,14,2
491.07,581,57.4520,3.4955,3675.1062,14,2
491.12,580,57.8209,3.5031,3685.9644,14,2
491.5,578,58.0313,3.5125,3685.9644,14,2
491.51,576,58.0384,3.5008,3683.6555,14,2
490.55,574,58.1648,3.4962,3686.2834,14,2
489.79,573,58.6086,3.5169,3686.2834,14,2
489.76,571,58.6241,3.5054,3714.6313,14,2
489.76,571,58.6241,3.5054,3746.4387,14,2
489.76,570,58.6247,3.4993,3784.9158,14,2
489.76,570,58.6247,3.4993,3784.9158,14,2
487.13,569,68.4628,4.0794,3771.7996,14,2
487.13,571,68.4258,4.0956,3752.4028,14,2
487.13,571,68.4258,4.0956,3740.0945,14,2
486.25,577,67.7663,4.0947,3723.9521,14,2
486.25,581,67.3663,4.1025,3700.6458,14,2
487.45,585,66.8451,4.0882,3684.3889,14,2
487.45,585,66.8451,4.0882,3727.9712,14,2
487.56,589,66.3179,4.0848,3727.9712,14,2
487.56,593,65.8250,4.0887,3770.186,14,2
489.18,597,59.1840,3.7365,3820.9858,14,2
489.18,597,59.1840,3.7365,3836.7852,14,2
489.32,599,56.3516,3.5353,3836.7852,14,2
489.32,599,55.7176,3.495,3856.2627,14,2
489.73,598,55.9738,3.5052,3852.3259,14,2
489.76,597,56.2747,3.5182,3852.3259,14,2
489.76,595,56.2796,3.5067,3837.7083,14,2
489.33,594,56.2797,3.5008,3821.4963,14,2
489.33,594,56.2797,3.5008,3813.6353,14,2
489.32,592,56.2797,3.489,3805.7756,14,2
489.32,591,56.8337,3.5174,3805.7756,14,2
488.48,589,56.8653,3.5074,3794.302,14,2
488.48,589,56.8653,3.5074,3761.511,14,2
488.4,585,57.3804,3.5152,3726.3325,14,2
487.59,583,65.3654,3.9788,3701.1965,14,2
487.59,583,65.3654,3.9788,3684.2439,14,2
487.56,584,66.8068,4.0855,3684.2439,14,2
487.63,585,66.8315,4.0942,3661.3943,14,2
487.99,588,66.2822,4.0813,3657.6304,14,2
487.99,588,66.2822,4.0813,3683.7483,14,2
488,591,66.2466,4.1,3683.7483,14,2
488.84,594,65.6777,4.0855,3704.6147,14,2
489.73,596,56.5754,3.5333,3737.2554,14,2
489.76,596,56.2854,3.5129,3794.6848,14,2
490.86,596,56.2798,3.5067,3853.5725,14,2
491.49,594,56.2797,3.5008,3862.4502,14,2
491.49,594,56.2797,3.5008,3847.7815,14,2
491.51,592,56.2797,3.489,3847.7815,14,2
491.27,591,56.8373,3.5176,3832.1765,14,2
491.27,591,56.8373,3.5176,3825.9285,14,2
491.08,589,56.8654,3.5075,3815.2378,14,2
491.07,587,56.8659,3.4956,3815.2378,14,2
490.44,585,57.3047,3.5095,3791.9221,14,2
490.2,583,57.4509,3.5075,3757.4355,14,2
490.2,581,57.4521,3.4955,3731.1426,14,2
489.11,580,57.6908,3.5091,3731.1426,14,2
488.89,578,58.0271,3.5123,3706.7903,14,2
488.89,578,58.0271,3.5123,3692.01,14,2
488.88,575,58.0384,3.4947,3677.229,14,2
488.88,575,58.0384,3.4947,3677.229,14,2
489.31,573,58.5209,3.5107,3671.0164,14,2
489.32,571,58.6215,3.5053,3689.3159,14,2
489.34,570,58.6246,3.4993,3733.78,14,2
489.75,568,58.6540,3.4871,3733.78,14,2
489.76,567,59.2046,3.5153,3792.8479,14,2
489.76,567,59.2046,3.5153,3792.8479,14,2
488.6,565,59.2109,3.5033,3859.3733,14,2
488.02,563,59.2109,3.4909,3857.0044,14,2
488,562,59.7685,3.5173,3847.4922,14,2
488,562,59.7685,3.5173,3840.4646,14,2
487.05,561,67.5159,3.94,3840.4646,14,2
486.69,563,69.1593,4.0773,3715.6768,14,2
486.69,566,69.1767,4.0985,3715.6768,14,2
486.69,570,68.6164,4.0954,3673.5361,14,2
486.69,575,68.0370,4.097,3725.6052,14,2
486.69,575,68.0370,4.097,3725.6052,14,2
486.69,580,67.4647,4.0973,3806.4888,14,2
486.69,584,66.8845,4.0908,3834.887,14,2
486.69,584,66.8845,4.0908,3834.887,14,2
,,,,,,
,,,,,,
,,,,,,
,,,,,,
,,,,,,
,,,,,,
,,,,,,
,,,,,,
,,,,,,
,,,,,,
,,,,,,
,,,,,,
,,,,,,
,,,,,,
,,,,,,
,,,,,,
,,,,,,
,,,,,,
,,,,,,
,,,,,,
,,,,,,
,,,,,,
,,,,,,
,,,,,,
,,,,,,
,,,,,,
,,,,,,
,,,,,,
,,,,,,
,,,,,,
,,,,,,
,,,,,,
,,,,,,
,,,,,,
,,,,,,
,,,,,,
,,,,,,
,,,,,,
,,,,,,
,,,,,,
,,,,,,
,,,,,,
,,,,,,
,,,,,,
,,,,,,
,,,,,,
,,,,,,
,,,,,,
,,,,,,
,,,,,,
,,,,,,
,,,,,,
,,,,,,
,,,,,,
,,,,,,
,,,,,,
,,,,,,
,,,,,,
,,,,,,
,,,,,,
,,,,,,
,,,,,,
,,,,,,
,,,,,,
,,,,,,
,,,,,,
,,,,,,
,,,,,,
,,,,,,
,,,,,,
,,,,,,
,,,,,,
,,,,,,
,,,,,,
,,,,,,
,,,,,,
,,,,,,
,,,,,,
,,,,,,
,,,,,,
,,,,,,
,,,,,,
,,,,,,
,,,,,,
,,,,,,
,,,,,,
,,,,,,
,,,,,,
,,,,,,
,,,,,,
,,,,,,
,,,,,,
,,,,,,
,,,,,,
,,,,,,
,,,,,,
,,,,,,
,,,,,,
,,,,,,
,,,,,,
,,,,,,
,,,,,,
,,,,,,
,,,,,,
,,,,,,
,,,,,,
,,,,,,
,,,,,,
,,,,,,
,,,,,,
,,,,,,
,,,,,,
,,,,,,
,,,,,,
,,,,,,
,,,,,,
,,,,,,
,,,,,,
,,,,,,
,,,,,,
,,,,,,
,,,,,,
,,,,,,
,,,,,,
,,,,,,
,,,,,,
,,,,,,
,,,,,,
,,,,,,
,,,,,,
,,,,,,
,,,,,,
,,,,,,
,,,,,,
,,,,,,
,,,,,,
,,,,,,
,,,,,,
,,,,,,
,,,,,,
,,,,,,
,,,,,,
,,,,,,
,,,,,,
,,,,,,
,,,,,,
,,,,,,
,,,,,,
,,,,,,
,,,,,,
,,,,,,
,,,,,,
,,,,,,
,,,,,,
,,,,,,
,,,,,,
,,,,,,
,,,,,,
,,,,,,
,,,,,,
,,,,,,
,,,,,,
,,,,,,
,,,,,,
,,,,,,
,,,,,,
,,,,,,
,,,,,,
,,,,,,
,,,,,,
,,,,,,
,,,,,,
,,,,,,
,,,,,,
,,,,,,
,,,,,,
,,,,,,
,,,,,,
,,,,,,
,,,,,,
,,,,,,
,,,,,,
,,,,,,
,,,,,,
,,,,,,
,,,,,,
,,,,,,
,,,,,,
,,,,,,
,,,,,,
,,,,,,
,,,,,,
,,,,,,
,,,,,,
,,,,,,
,,,,,,
,,,,,,
,,,,,,
,,,,,,
,,,,,,
,,,,,,
,,,,,,
,,,,,,
,,,,,,
,,,,,,
,,,,,,
,,,,,,
,,,,,,
,,,,,,
,,,,,,
,,,,,,
,,,,,,
,,,,,,
,,,,,,
,,,,,,
,,,,,,
,,,,,,
,,,,,,
,,,,,,
,,,,,,
,,,,,,
,,,,,,
,,,,,,
,,,,,,
,,,,,,
,,,,,,
,,,,,,
,,,,,,
,,,,,,
,,,,,,
,,,,,,
,,,,,,
,,,,,,
,,,,,,
,,,,,,
,,,,,,
,,,,,,
,,,,,,
,,,,,,
,,,,,,
,,,,,,
,,,,,,
,,,,,,
,,,,,,
,,,,,,
,,,,,,
,,,,,,
,,,,,,
,,,,,,
,,,,,,
,,,,,,
,,,,,,
,,,,,,
,,,,,,
